HAULJOIN,VESSEL,CRUISE,HAUL,HAUL_TYPE,PERFORMANCE,START_DATE,START_HOUR,DURATION,DISTANCE_FISHED,NET_WIDTH,NET_MEASURED,NET_HEIGHT,START_LATITUDE,START_LONGITUDE,STATIONID,STRATUM,GEAR_DEPTH,BOTTOM_DEPTH,SURFACE_TEMPERATURE,GEAR_TEMPERATURE,WIRE_LENGTH,GEAR,ACCESSORIES,SUBSAMPLE,AREA_SWEPT_VARIABLE,SPECIES_CODE,SEX,LENGTH,SHELL_CONDITION,EGG_COLOR,EGG_CONDITION,CLUTCH_SIZE,MERUS_LENGTH,CHELA_HEIGHT,SPECIAL_SAMPLE,SPECIAL1,SPECIAL2,SPECIAL3,WEIGHT,SAMPLING_FACTOR, 
-8725,94,201201,1,3,0,06082012,0921,0.537,2.469,15.38,N,8.042,54.77494,-165.54919,11-43,11,198,206,4.3,3,594,172,115,1,0.01107122,69310,0,0,,,,,,,,,,,,0, 
-8726,94,201201,2,3,0,06082012,1231,0.503,2.406,15.047,Y,7.779,54.74907,-165.42688,11-03,11,200,208,4.2,3.3,640,172,115,1,0.01055513,69310,0,0,,,,,,,,,,,,0, 
-8727,94,201201,3,3,0,06082012,1500,0.522,2.433,14.961,Y,8.052,54.71713,-165.54935,11-02,11,0,8,0,0,686,172,115,1,0.010612575,69310,0,0,,,,,,,,,,,,0, 
-8728,94,201201,4,3,0,06082012,1722,0.511,2.362,14.661,Y,7.848,54.63245,-165.64072,11-15,11,322,330,5.5,3.1,777,172,115,1,0.010096283,69310,0,0,,,,,,,,,,,,0, 
-8729,94,201201,5,3,0,06092012,0735,0.526,2.338,17.29,Y,6.54,54.38038,-166.4769,13-02,13,606,613,5,3.4,1280,172,115,1,0.011785758,69310,0,0,,,,,,,,,,,,0, 
-8730,94,201201,6,3,0,06092012,1033,0.52,2.42,16.723,Y,6.593,54.42652,-166.42783,12-30,12,548,555,3.5,3.5,1189,172,115,1,0.011799065,69310,1,142,2,,,,,,,,,,,1, 
-8731,94,201201,7,3,0,06092012,1353,0.539,2.598,17.078,Y,6.779,54.33572,-166.36665,14-12,14,832,839,4.6,2.9,1692,172,115,1,0.012935827,69310,0,0,,,,,,,,,,,,0, 
-8732,94,201201,9,3,3.13,06102012,0727,0.512,2.202,16.524,N,6.645,54.62425,-167.31912,12-49,12,498,505,5.1,3.6,1097,172,115,1,0.010608416,69310,2,102,2,0,0,0,,,,,,,,1, 
-8733,94,201201,10,3,0,06102012,1017,0.517,2.483,16.57,N,6.589,54.69598,-167.4186,12-42,12,541,548,4.8,3.5,1189,172,115,1,0.01199547,69310,1,130,2,,,,,,,,,,,1, 
-8734,94,201201,11,3,0,06102012,1315,0.486,2.126,16.607,Y,6.728,54.71618,-167.26978,12-01,12,457,464,4.8,3.6,1052,172,115,1,0.010293723,69310,1,120,2,,,,,,,,,,,1, 
-8734,94,201201,11,3,0,06102012,1315,0.486,2.126,16.607,Y,6.728,54.71618,-167.26978,12-01,12,457,464,4.8,3.6,1052,172,115,1,0.010293723,69310,1,130,2,,,,,,,,,,,1, 
-8735,94,201201,12,3,0,06102012,1548,0.501,2.337,16.815,Y,6.737,54.80162,-167.23277,12-32,12,406,413,4.2,3.5,960,172,115,1,0.011457071,69310,0,0,,,,,,,,,,,,0, 
-8736,94,201201,13,3,0,06102012,1755,0.496,2.318,16.443,Y,6.988,54.9253,-167.34335,11-41,11,318,325,4.6,3.3,777,172,115,1,0.011112519,69310,1,100,2,,,,,,,,,,,1, 
-8737,94,201201,14,3,5.1,06112012,0746,0.502,1.935,15.194,Y,7.889,56.01878,-168.91642,25-02,25,1162,1170,4.2,2.7,1920,172,115,1,0.008571782,69310,0,0,,,,,,,,,,,,0, 
-8738,94,201201,15,3,2.4,06112012,1055,0.288,1.264,15.059,Y,7.604,56.08485,-168.65262,23-08,23,624,632,4.3,3.5,1326,172,115,1,0.005549594,69310,1,104,2,,,,,,,,,,,1, 
-8738,94,201201,15,3,2.4,06112012,1055,0.288,1.264,15.059,Y,7.604,56.08485,-168.65262,23-08,23,624,632,4.3,3.5,1326,172,115,1,0.005549594,69310,1,116,2,,,,,,,,,,,1, 
-8738,94,201201,15,3,2.4,06112012,1055,0.288,1.264,15.059,Y,7.604,56.08485,-168.65262,23-08,23,624,632,4.3,3.5,1326,172,115,1,0.005549594,69310,2,115,3,0,0,1,,,,,,,,1, 
-8738,94,201201,15,3,2.4,06112012,1055,0.288,1.264,15.059,Y,7.604,56.08485,-168.65262,23-08,23,624,632,4.3,3.5,1326,172,115,1,0.005549594,69310,2,84,2,0,0,0,,,,,,,,1, 
-8738,94,201201,15,3,2.4,06112012,1055,0.288,1.264,15.059,Y,7.604,56.08485,-168.65262,23-08,23,624,632,4.3,3.5,1326,172,115,1,0.005549594,69310,1,168,3,,,,,,,,,,,1, 
-8739,94,201201,16,3,0,06112012,1339,0.528,2.505,15.185,Y,7.124,56.04325,-168.3836,21-03,21,220,227,4.3,3.2,640,172,115,2,0.01109023,69310,1,127,3,,,,,,,,,,,1, 
-8739,94,201201,16,3,0,06112012,1339,0.528,2.505,15.185,Y,7.124,56.04325,-168.3836,21-03,21,220,227,4.3,3.2,640,172,115,2,0.01109023,69310,1,145,3,,,,,,,,,,,1, 
-8739,94,201201,16,3,0,06112012,1339,0.528,2.505,15.185,Y,7.124,56.04325,-168.3836,21-03,21,220,227,4.3,3.2,640,172,115,2,0.01109023,69310,1,153,2,,,,,,,,,,,1, 
-8739,94,201201,16,3,0,06112012,1339,0.528,2.505,15.185,Y,7.124,56.04325,-168.3836,21-03,21,220,227,4.3,3.2,640,172,115,2,0.01109023,69310,1,134,3,,,,,,,,,,,1, 
-8740,94,201201,17,3,0,06112012,1707,0.576,2.51,15.169,Y,7.709,56.15493,-168.53442,21-04,21,280,288,4.2,3.2,732,172,115,1,0.011100658,69310,2,122,4,7,2,2,,,,,,,,1, 
-8740,94,201201,17,3,0,06112012,1707,0.576,2.51,15.169,Y,7.709,56.15493,-168.53442,21-04,21,280,288,4.2,3.2,732,172,115,1,0.011100658,69310,2,92,2,0,0,0,,,,,,,,1, 
-8740,94,201201,17,3,0,06112012,1707,0.576,2.51,15.169,Y,7.709,56.15493,-168.53442,21-04,21,280,288,4.2,3.2,732,172,115,1,0.011100658,69310,2,127,2,4,1,6,,,,,,,,1, 
-8740,94,201201,17,3,0,06112012,1707,0.576,2.51,15.169,Y,7.709,56.15493,-168.53442,21-04,21,280,288,4.2,3.2,732,172,115,1,0.011100658,69310,1,135,2,,,,,,,,,,,1, 
-8740,94,201201,17,3,0,06112012,1707,0.576,2.51,15.169,Y,7.709,56.15493,-168.53442,21-04,21,280,288,4.2,3.2,732,172,115,1,0.011100658,69310,1,84,2,,,,,,,,,,,1, 
-8740,94,201201,17,3,0,06112012,1707,0.576,2.51,15.169,Y,7.709,56.15493,-168.53442,21-04,21,280,288,4.2,3.2,732,172,115,1,0.011100658,69310,1,136,2,,,,,,,,,,,1, 
-8740,94,201201,17,3,0,06112012,1707,0.576,2.51,15.169,Y,7.709,56.15493,-168.53442,21-04,21,280,288,4.2,3.2,732,172,115,1,0.011100658,69310,1,87,2,,,,,,,,,,,1, 
-8740,94,201201,17,3,0,06112012,1707,0.576,2.51,15.169,Y,7.709,56.15493,-168.53442,21-04,21,280,288,4.2,3.2,732,172,115,1,0.011100658,69310,1,127,2,,,,,,,,,,,1, 
-8740,94,201201,17,3,0,06112012,1707,0.576,2.51,15.169,Y,7.709,56.15493,-168.53442,21-04,21,280,288,4.2,3.2,732,172,115,1,0.011100658,69310,1,168,3,,,,,,,,,,,1, 
-8740,94,201201,17,3,0,06112012,1707,0.576,2.51,15.169,Y,7.709,56.15493,-168.53442,21-04,21,280,288,4.2,3.2,732,172,115,1,0.011100658,69310,2,120,2,4,1,5,,,,,,,,1, 
-8740,94,201201,17,3,0,06112012,1707,0.576,2.51,15.169,Y,7.709,56.15493,-168.53442,21-04,21,280,288,4.2,3.2,732,172,115,1,0.011100658,69310,2,119,3,4,2,6,,,,,,,,1, 
-8740,94,201201,17,3,0,06112012,1707,0.576,2.51,15.169,Y,7.709,56.15493,-168.53442,21-04,21,280,288,4.2,3.2,732,172,115,1,0.011100658,69310,2,100,2,0,0,1,,,,,,,,1, 
-8740,94,201201,17,3,0,06112012,1707,0.576,2.51,15.169,Y,7.709,56.15493,-168.53442,21-04,21,280,288,4.2,3.2,732,172,115,1,0.011100658,69310,2,94,3,0,0,1,,,,,,,,1, 
-8740,94,201201,17,3,0,06112012,1707,0.576,2.51,15.169,Y,7.709,56.15493,-168.53442,21-04,21,280,288,4.2,3.2,732,172,115,1,0.011100658,69310,2,126,2,7,2,5,,,,,,,,1, 
-8740,94,201201,17,3,0,06112012,1707,0.576,2.51,15.169,Y,7.709,56.15493,-168.53442,21-04,21,280,288,4.2,3.2,732,172,115,1,0.011100658,69310,2,109,2,4,1,5,,,,,,,,1, 
-8740,94,201201,17,3,0,06112012,1707,0.576,2.51,15.169,Y,7.709,56.15493,-168.53442,21-04,21,280,288,4.2,3.2,732,172,115,1,0.011100658,69310,2,130,2,4,1,6,,,,,,,,1, 
-8740,94,201201,17,3,0,06112012,1707,0.576,2.51,15.169,Y,7.709,56.15493,-168.53442,21-04,21,280,288,4.2,3.2,732,172,115,1,0.011100658,69310,2,87,2,0,0,0,,,,,,,,1, 
-8740,94,201201,17,3,0,06112012,1707,0.576,2.51,15.169,Y,7.709,56.15493,-168.53442,21-04,21,280,288,4.2,3.2,732,172,115,1,0.011100658,69310,2,118,3,7,2,6,,,,,,,,1, 
-8740,94,201201,17,3,0,06112012,1707,0.576,2.51,15.169,Y,7.709,56.15493,-168.53442,21-04,21,280,288,4.2,3.2,732,172,115,1,0.011100658,69310,2,101,2,0,0,1,,,,,,,,1, 
-8740,94,201201,17,3,0,06112012,1707,0.576,2.51,15.169,Y,7.709,56.15493,-168.53442,21-04,21,280,288,4.2,3.2,732,172,115,1,0.011100658,69310,2,104,2,0,0,1,,,,,,,,1, 
-8740,94,201201,17,3,0,06112012,1707,0.576,2.51,15.169,Y,7.709,56.15493,-168.53442,21-04,21,280,288,4.2,3.2,732,172,115,1,0.011100658,69310,2,137,3,0,0,1,,,,,,,,1, 
-8740,94,201201,17,3,0,06112012,1707,0.576,2.51,15.169,Y,7.709,56.15493,-168.53442,21-04,21,280,288,4.2,3.2,732,172,115,1,0.011100658,69310,2,113,3,7,2,3,,,,,,,,1, 
-8740,94,201201,17,3,0,06112012,1707,0.576,2.51,15.169,Y,7.709,56.15493,-168.53442,21-04,21,280,288,4.2,3.2,732,172,115,1,0.011100658,69310,2,115,1,0,0,1,,,,,,,,1, 
-8740,94,201201,17,3,0,06112012,1707,0.576,2.51,15.169,Y,7.709,56.15493,-168.53442,21-04,21,280,288,4.2,3.2,732,172,115,1,0.011100658,69310,2,116,2,4,2,6,,,,,,,,1, 
-8740,94,201201,17,3,0,06112012,1707,0.576,2.51,15.169,Y,7.709,56.15493,-168.53442,21-04,21,280,288,4.2,3.2,732,172,115,1,0.011100658,69310,2,106,2,0,0,1,,,,,,,,1, 
-8740,94,201201,17,3,0,06112012,1707,0.576,2.51,15.169,Y,7.709,56.15493,-168.53442,21-04,21,280,288,4.2,3.2,732,172,115,1,0.011100658,69310,2,130,2,7,2,2,,,,,,,,1, 
-8740,94,201201,17,3,0,06112012,1707,0.576,2.51,15.169,Y,7.709,56.15493,-168.53442,21-04,21,280,288,4.2,3.2,732,172,115,1,0.011100658,69310,2,121,2,7,2,4,,,,,,,,1, 
-8740,94,201201,17,3,0,06112012,1707,0.576,2.51,15.169,Y,7.709,56.15493,-168.53442,21-04,21,280,288,4.2,3.2,732,172,115,1,0.011100658,69310,2,103,2,4,1,6,,,,,,,,1, 
-8740,94,201201,17,3,0,06112012,1707,0.576,2.51,15.169,Y,7.709,56.15493,-168.53442,21-04,21,280,288,4.2,3.2,732,172,115,1,0.011100658,69310,2,128,2,4,1,6,,,,,,,,1, 
-8740,94,201201,17,3,0,06112012,1707,0.576,2.51,15.169,Y,7.709,56.15493,-168.53442,21-04,21,280,288,4.2,3.2,732,172,115,1,0.011100658,69310,2,113,3,0,0,1,,,,,,,,1, 
-8740,94,201201,17,3,0,06112012,1707,0.576,2.51,15.169,Y,7.709,56.15493,-168.53442,21-04,21,280,288,4.2,3.2,732,172,115,1,0.011100658,69310,2,111,2,4,1,5,,,,,,,,1, 
-8740,94,201201,17,3,0,06112012,1707,0.576,2.51,15.169,Y,7.709,56.15493,-168.53442,21-04,21,280,288,4.2,3.2,732,172,115,1,0.011100658,69310,2,112,2,7,2,5,,,,,,,,1, 
-8740,94,201201,17,3,0,06112012,1707,0.576,2.51,15.169,Y,7.709,56.15493,-168.53442,21-04,21,280,288,4.2,3.2,732,172,115,1,0.011100658,69310,2,115,2,4,1,5,,,,,,,,1, 
-8740,94,201201,17,3,0,06112012,1707,0.576,2.51,15.169,Y,7.709,56.15493,-168.53442,21-04,21,280,288,4.2,3.2,732,172,115,1,0.011100658,69310,2,108,2,4,1,6,,,,,,,,1, 
-8740,94,201201,17,3,0,06112012,1707,0.576,2.51,15.169,Y,7.709,56.15493,-168.53442,21-04,21,280,288,4.2,3.2,732,172,115,1,0.011100658,69310,2,136,2,4,1,5,,,,,,,,1, 
-8740,94,201201,17,3,0,06112012,1707,0.576,2.51,15.169,Y,7.709,56.15493,-168.53442,21-04,21,280,288,4.2,3.2,732,172,115,1,0.011100658,69310,2,118,2,4,1,6,,,,,,,,1, 
-8740,94,201201,17,3,0,06112012,1707,0.576,2.51,15.169,Y,7.709,56.15493,-168.53442,21-04,21,280,288,4.2,3.2,732,172,115,1,0.011100658,69310,2,120,2,7,2,4,,,,,,,,1, 
-8740,94,201201,17,3,0,06112012,1707,0.576,2.51,15.169,Y,7.709,56.15493,-168.53442,21-04,21,280,288,4.2,3.2,732,172,115,1,0.011100658,69310,2,98,2,0,0,1,,,,,,,,1, 
-8740,94,201201,17,3,0,06112012,1707,0.576,2.51,15.169,Y,7.709,56.15493,-168.53442,21-04,21,280,288,4.2,3.2,732,172,115,1,0.011100658,69310,2,101,2,4,1,6,,,,,,,,1, 
-8740,94,201201,17,3,0,06112012,1707,0.576,2.51,15.169,Y,7.709,56.15493,-168.53442,21-04,21,280,288,4.2,3.2,732,172,115,1,0.011100658,69310,2,105,4,0,0,1,,,,,,,,1, 
-8740,94,201201,17,3,0,06112012,1707,0.576,2.51,15.169,Y,7.709,56.15493,-168.53442,21-04,21,280,288,4.2,3.2,732,172,115,1,0.011100658,69310,2,141,3,7,2,6,,,,,,,,1, 
-8740,94,201201,17,3,0,06112012,1707,0.576,2.51,15.169,Y,7.709,56.15493,-168.53442,21-04,21,280,288,4.2,3.2,732,172,115,1,0.011100658,69310,2,142,2,4,1,5,,,,,,,,1, 
-8740,94,201201,17,3,0,06112012,1707,0.576,2.51,15.169,Y,7.709,56.15493,-168.53442,21-04,21,280,288,4.2,3.2,732,172,115,1,0.011100658,69310,1,105,2,,,,,,,,,,,1, 
-8740,94,201201,17,3,0,06112012,1707,0.576,2.51,15.169,Y,7.709,56.15493,-168.53442,21-04,21,280,288,4.2,3.2,732,172,115,1,0.011100658,69310,2,127,2,4,1,6,,,,,,,,1, 
-8741,94,201201,18,3,0,06122012,0729,0.507,2.282,15,Y,7.88,56.46975,-171.85268,31-02,31,306,314,4.8,3.4,777,172,115,1,0.009979871,69310,0,0,,,,,,,,,,,,0, 
-8742,94,201201,19,3,0,06122012,0945,0.514,2.242,16.297,Y,7.407,56.50463,-172.00155,32-01,32,532,539,4.6,3.7,1143,172,115,1,0.01065274,69310,2,81,2,0,0,0,,,,,,,,1, 
-8742,94,201201,19,3,0,06122012,0945,0.514,2.242,16.297,Y,7.407,56.50463,-172.00155,32-01,32,532,539,4.6,3.7,1143,172,115,1,0.01065274,69310,1,34,2,,,,,,,,,,,1, 
-8743,94,201201,20,3,0,06122012,1243,0.509,2.285,16.649,Y,6.884,56.49583,-172.20073,35-01,35,1000,1007,5.1,2.8,1920,172,115,2,0.011091554,69310,0,0,,,,,,,,,,,,0, 
-8744,94,201201,21,3,0,06122012,1515,0.586,2.434,17.112,Y,6.876,56.49042,-172.29762,35-02,35,1018,1025,5,2.7,1920,172,115,2,0.012143374,69310,0,0,,,,,,,,,,,,0, 
-8745,94,201201,22,3,0,06122012,1816,0.327,1.35,15.426,N,7.975,56.56325,-172.80173,31-04,31,213,221,5.1,2.9,640,172,115,2,0.006071628,69310,0,0,,,,,,,,,,,,0, 
-8746,94,201201,23,3,0,06132012,0740,0.306,1.356,16.673,Y,7.003,57.75208,-173.94308,44-01,44,867,874,3.6,3.1,1646,172,115,1,0.00659161,69310,0,0,,,,,,,,,,,,0, 
-8747,94,201201,24,3,0,06132012,0944,0.509,2.399,15.46,Y,7.78,57.73012,-173.78342,41-03,41,349,357,4.1,3.7,823,172,115,1,0.010813288,69310,1,103,2,,,,,,,,,,,1, 
-8747,94,201201,24,3,0,06132012,0944,0.509,2.399,15.46,Y,7.78,57.73012,-173.78342,41-03,41,349,357,4.1,3.7,823,172,115,1,0.010813288,69310,1,144,2,,,,,,,,,,,1, 
-8747,94,201201,24,3,0,06132012,0944,0.509,2.399,15.46,Y,7.78,57.73012,-173.78342,41-03,41,349,357,4.1,3.7,823,172,115,1,0.010813288,69310,2,102,2,0,0,0,,,,,,,,1, 
-8747,94,201201,24,3,0,06132012,0944,0.509,2.399,15.46,Y,7.78,57.73012,-173.78342,41-03,41,349,357,4.1,3.7,823,172,115,1,0.010813288,69310,2,141,3,4,2,6,,,,,,,,1, 
-8747,94,201201,24,3,0,06132012,0944,0.509,2.399,15.46,Y,7.78,57.73012,-173.78342,41-03,41,349,357,4.1,3.7,823,172,115,1,0.010813288,69310,2,107,2,4,1,5,,,,,,,,1, 
-8747,94,201201,24,3,0,06132012,0944,0.509,2.399,15.46,Y,7.78,57.73012,-173.78342,41-03,41,349,357,4.1,3.7,823,172,115,1,0.010813288,69310,2,114,2,4,1,5,,,,,,,,1, 
-8747,94,201201,24,3,0,06132012,0944,0.509,2.399,15.46,Y,7.78,57.73012,-173.78342,41-03,41,349,357,4.1,3.7,823,172,115,1,0.010813288,69310,2,116,2,0,0,1,,,,,,,,1, 
-8748,94,201201,25,3,4.1,06132012,1237,0.537,2.258,15.85,Y,7.508,57.83922,-173.95028,43-06,43,651,659,4.2,3.4,1326,172,115,2,0.01043449,69310,1,120,2,,,,,,,,,,,1, 
-8749,94,201201,26,3,0,06132012,1528,0.526,2.374,14.968,Y,7.947,57.84867,-173.9051,42-02,42,500,508,3.8,3.7,1052,172,115,1,0.010360066,69310,0,0,,,,,,,,,,,,0, 
-8750,94,201201,27,3,5.1,06142012,0724,0.446,1.772,16.075,Y,7.372,58.53827,-176.85288,53-02,53,762,769,3.4,3.4,1554,172,115,2,0.008304868,69310,0,0,,,,,,,,,,,,0, 
-8751,94,201201,28,3,1.12,06142012,1023,0.201,0.784,17.165,Y,7.374,58.55712,-176.93167,54-05,54,872,879,3.4,3.2,1737,172,115,1,0.003923538,69310,0,0,,,,,,,,,,,,0, 
-8752,94,201201,29,3,0,06142012,1229,0.538,2.67,15.671,Y,7.333,58.60448,-176.80745,51-01,51,234,241,3.1,2.3,686,172,115,1,0.01219905,69310,1,140,2,,,,,,,,,,,1, 
-8753,94,201201,30,3,0,06142012,1447,0.558,2.503,15.503,Y,7.67,58.5717,-177.08983,52-06,52,440,448,4.1,3.8,1052,172,115,1,0.011313439,69310,1,111,3,,,,,,,,,,,1, 
-8754,94,201201,31,3,0,06142012,1709,0.528,2.605,15.174,Y,7.885,58.61795,-177.23873,51-06,51,258,266,3.6,2.5,823,172,115,1,0.0115246,69310,0,0,,,,,,,,,,,,0, 
-8755,94,201201,32,3,0,06152012,0829,0.351,1.592,16.561,Y,6.695,59.71983,-178.63685,63-04,63,634,641,2.7,3.5,1326,172,115,2,0.007686837,69310,0,0,,,,,,,,,,,,0, 
-8756,94,201201,33,3,0,06152012,1214,0.376,1.673,16.835,Y,6.5,59.58622,-178.50698,64-07,64,907,913,3.4,3.1,1783,172,115,1,0.008211587,69310,0,0,,,,,,,,,,,,0, 
-8757,94,201201,34,3,0,06152012,1458,0.498,2.442,16.409,Y,7.306,59.55243,-178.41268,62-05,62,422,429,3.3,3.5,1006,172,115,1,0.01168277,69310,1,111,2,,,,,,,,,,,1, 
-8757,94,201201,34,3,0,06152012,1458,0.498,2.442,16.409,Y,7.306,59.55243,-178.41268,62-05,62,422,429,3.3,3.5,1006,172,115,1,0.01168277,69310,1,109,3,,,,,,,,,,,1, 
-8757,94,201201,34,3,0,06152012,1458,0.498,2.442,16.409,Y,7.306,59.55243,-178.41268,62-05,62,422,429,3.3,3.5,1006,172,115,1,0.01168277,69310,2,102,2,7,2,6,,,,,,,,1, 
-8757,94,201201,34,3,0,06152012,1458,0.498,2.442,16.409,Y,7.306,59.55243,-178.41268,62-05,62,422,429,3.3,3.5,1006,172,115,1,0.01168277,69310,1,99,2,,,,,,,,,,,1, 
-8757,94,201201,34,3,0,06152012,1458,0.498,2.442,16.409,Y,7.306,59.55243,-178.41268,62-05,62,422,429,3.3,3.5,1006,172,115,1,0.01168277,69310,1,106,2,,,,,,,,,,,1, 
-8758,94,201201,35,3,0,06152012,1745,0.529,2.405,15.593,Y,7.516,59.52788,-178.25208,61-05,61,222,230,2.9,2.3,640,172,115,2,0.01093359,69310,1,141,3,,,,,,,,,,,1, 
-8759,94,201201,36,3,0,06162012,0724,0.477,2.349,15.976,Y,7.5,59.50305,-178.30178,61-06,61,257,264,3.5,2.6,732,172,115,1,0.010941304,69310,0,0,,,,,,,,,,,,0, 
-8760,94,201201,37,3,0,06162012,0940,0.522,2.522,15.825,Y,7.432,59.52798,-178.0648,61-20,61,218,225,1.6,2.2,640,172,115,1,0.011636084,69310,1,128,2,,,,,,,,,,,1, 
-8761,94,201201,38,3,0,06162012,1223,0.5,2.216,15.576,Y,7.848,59.51275,-177.78427,61-04,61,306,314,2.8,2.9,777,172,115,1,0.010063377,69310,2,116,2,7,2,6,,,,,,,,1, 
-8761,94,201201,38,3,0,06162012,1223,0.5,2.216,15.576,Y,7.848,59.51275,-177.78427,61-04,61,306,314,2.8,2.9,777,172,115,1,0.010063377,69310,1,145,4,,,,,,,,,,,1, 
-8762,94,201201,39,3,4.1,06162012,1527,0.274,1.359,13.25,Y,8.537,59.40342,-177.74772,62-03,62,425,434,3.1,3.6,1052,172,115,1,0.005249928,69310,1,103,4,,,,,,,,,,,1, 
-8763,94,201201,40,3,0,06162012,1801,0.487,2.313,15.59,Y,7.902,59.377,-177.5984,61-02,61,244,252,3.8,2.6,686,172,115,1,0.010513318,69310,2,140,3,0,4,1,,,,,,,,1, 
-8763,94,201201,40,3,0,06162012,1801,0.487,2.313,15.59,Y,7.902,59.377,-177.5984,61-02,61,244,252,3.8,2.6,686,172,115,1,0.010513318,69310,1,151,3,,,,,,,,,,,1, 
-8764,94,201201,41,3,0,06172012,0734,0.438,1.901,15.682,Y,7.619,59.3682,-178.47457,65-05,65,1033,1041,5.3,2.8,1920,172,115,1,0.008691637,69310,0,0,,,,,,,,,,,,0, 
-8765,94,201201,42,3,0,06172012,1135,0.559,2.382,16.506,Y,6.959,59.36293,-178.25127,64-03,64,828,835,3.8,3.1,1692,172,115,1,0.011463088,69310,0,0,,,,,,,,,,,,0, 
-8766,94,201201,43,3,0,06172012,1420,0.558,2.234,16.335,Y,6.803,59.38933,-178.25685,63-10,63,764,771,4.3,3.3,1554,172,115,1,0.010639479,69310,0,0,,,,,,,,,,,,0, 
-8767,94,201201,44,3,0,06172012,1645,0.571,2.475,15.879,Y,7.811,59.41855,-178.11585,62-04,62,526,534,3.8,3.6,1189,172,115,2,0.0114582,69310,2,86,2,0,0,0,,,,,,,,1, 
-8767,94,201201,44,3,0,06172012,1645,0.571,2.475,15.879,Y,7.811,59.41855,-178.11585,62-04,62,526,534,3.8,3.6,1189,172,115,2,0.0114582,69310,2,100,3,0,4,1,,,,,,,,1, 
-8767,94,201201,44,3,0,06172012,1645,0.571,2.475,15.879,Y,7.811,59.41855,-178.11585,62-04,62,526,534,3.8,3.6,1189,172,115,2,0.0114582,69310,2,103,2,4,1,5,,,,,,,,1, 
-8767,94,201201,44,3,0,06172012,1645,0.571,2.475,15.879,Y,7.811,59.41855,-178.11585,62-04,62,526,534,3.8,3.6,1189,172,115,2,0.0114582,69310,2,77,2,0,0,0,,,,,,,,1, 
-8767,94,201201,44,3,0,06172012,1645,0.571,2.475,15.879,Y,7.811,59.41855,-178.11585,62-04,62,526,534,3.8,3.6,1189,172,115,2,0.0114582,69310,2,89,2,0,0,0,,,,,,,,1, 
-8767,94,201201,44,3,0,06172012,1645,0.571,2.475,15.879,Y,7.811,59.41855,-178.11585,62-04,62,526,534,3.8,3.6,1189,172,115,2,0.0114582,69310,1,85,2,,,,,,,,,,,1, 
-8767,94,201201,44,3,0,06172012,1645,0.571,2.475,15.879,Y,7.811,59.41855,-178.11585,62-04,62,526,534,3.8,3.6,1189,172,115,2,0.0114582,69310,1,86,2,,,,,,,,,,,1, 
-8767,94,201201,44,3,0,06172012,1645,0.571,2.475,15.879,Y,7.811,59.41855,-178.11585,62-04,62,526,534,3.8,3.6,1189,172,115,2,0.0114582,69310,2,76,2,0,0,0,,,,,,,,1, 
-8767,94,201201,44,3,0,06172012,1645,0.571,2.475,15.879,Y,7.811,59.41855,-178.11585,62-04,62,526,534,3.8,3.6,1189,172,115,2,0.0114582,69310,2,64,1,0,0,0,,,,,,,,1, 
-8767,94,201201,44,3,0,06172012,1645,0.571,2.475,15.879,Y,7.811,59.41855,-178.11585,62-04,62,526,534,3.8,3.6,1189,172,115,2,0.0114582,69310,1,87,3,,,,,,,,,,,1, 
-8767,94,201201,44,3,0,06172012,1645,0.571,2.475,15.879,Y,7.811,59.41855,-178.11585,62-04,62,526,534,3.8,3.6,1189,172,115,2,0.0114582,69310,1,90,3,,,,,,,,,,,1, 
-8767,94,201201,44,3,0,06172012,1645,0.571,2.475,15.879,Y,7.811,59.41855,-178.11585,62-04,62,526,534,3.8,3.6,1189,172,115,2,0.0114582,69310,2,90,2,0,0,1,,,,,,,,1, 
-8767,94,201201,44,3,0,06172012,1645,0.571,2.475,15.879,Y,7.811,59.41855,-178.11585,62-04,62,526,534,3.8,3.6,1189,172,115,2,0.0114582,69310,1,105,2,,,,,,,,,,,1, 
-8767,94,201201,44,3,0,06172012,1645,0.571,2.475,15.879,Y,7.811,59.41855,-178.11585,62-04,62,526,534,3.8,3.6,1189,172,115,2,0.0114582,69310,1,84,2,,,,,,,,,,,1, 
-8767,94,201201,44,3,0,06172012,1645,0.571,2.475,15.879,Y,7.811,59.41855,-178.11585,62-04,62,526,534,3.8,3.6,1189,172,115,2,0.0114582,69310,1,91,3,,,,,,,,,,,1, 
-8767,94,201201,44,3,0,06172012,1645,0.571,2.475,15.879,Y,7.811,59.41855,-178.11585,62-04,62,526,534,3.8,3.6,1189,172,115,2,0.0114582,69310,1,79,2,,,,,,,,,,,1, 
-8767,94,201201,44,3,0,06172012,1645,0.571,2.475,15.879,Y,7.811,59.41855,-178.11585,62-04,62,526,534,3.8,3.6,1189,172,115,2,0.0114582,69310,1,84,2,,,,,,,,,,,1, 
-8767,94,201201,44,3,0,06172012,1645,0.571,2.475,15.879,Y,7.811,59.41855,-178.11585,62-04,62,526,534,3.8,3.6,1189,172,115,2,0.0114582,69310,1,59,2,,,,,,,,,,,1, 
-8767,94,201201,44,3,0,06172012,1645,0.571,2.475,15.879,Y,7.811,59.41855,-178.11585,62-04,62,526,534,3.8,3.6,1189,172,115,2,0.0114582,69310,1,135,2,,,,,,,,,,,1, 
-8767,94,201201,44,3,0,06172012,1645,0.571,2.475,15.879,Y,7.811,59.41855,-178.11585,62-04,62,526,534,3.8,3.6,1189,172,115,2,0.0114582,69310,1,92,2,,,,,,,,,,,1, 
-8767,94,201201,44,3,0,06172012,1645,0.571,2.475,15.879,Y,7.811,59.41855,-178.11585,62-04,62,526,534,3.8,3.6,1189,172,115,2,0.0114582,69310,1,79,2,,,,,,,,,,,1, 
-8767,94,201201,44,3,0,06172012,1645,0.571,2.475,15.879,Y,7.811,59.41855,-178.11585,62-04,62,526,534,3.8,3.6,1189,172,115,2,0.0114582,69310,1,85,2,,,,,,,,,,,1, 
-8767,94,201201,44,3,0,06172012,1645,0.571,2.475,15.879,Y,7.811,59.41855,-178.11585,62-04,62,526,534,3.8,3.6,1189,172,115,2,0.0114582,69310,1,76,2,,,,,,,,,,,1, 
-8767,94,201201,44,3,0,06172012,1645,0.571,2.475,15.879,Y,7.811,59.41855,-178.11585,62-04,62,526,534,3.8,3.6,1189,172,115,2,0.0114582,69310,1,88,2,,,,,,,,,,,1, 
-8767,94,201201,44,3,0,06172012,1645,0.571,2.475,15.879,Y,7.811,59.41855,-178.11585,62-04,62,526,534,3.8,3.6,1189,172,115,2,0.0114582,69310,1,98,3,,,,,,,,,,,1, 
-8767,94,201201,44,3,0,06172012,1645,0.571,2.475,15.879,Y,7.811,59.41855,-178.11585,62-04,62,526,534,3.8,3.6,1189,172,115,2,0.0114582,69310,1,87,2,,,,,,,,,,,1, 
-8767,94,201201,44,3,0,06172012,1645,0.571,2.475,15.879,Y,7.811,59.41855,-178.11585,62-04,62,526,534,3.8,3.6,1189,172,115,2,0.0114582,69310,1,91,2,,,,,,,,,,,1, 
-8767,94,201201,44,3,0,06172012,1645,0.571,2.475,15.879,Y,7.811,59.41855,-178.11585,62-04,62,526,534,3.8,3.6,1189,172,115,2,0.0114582,69310,1,87,3,,,,,,,,,,,1, 
-8767,94,201201,44,3,0,06172012,1645,0.571,2.475,15.879,Y,7.811,59.41855,-178.11585,62-04,62,526,534,3.8,3.6,1189,172,115,2,0.0114582,69310,1,90,2,,,,,,,,,,,1, 
-8767,94,201201,44,3,0,06172012,1645,0.571,2.475,15.879,Y,7.811,59.41855,-178.11585,62-04,62,526,534,3.8,3.6,1189,172,115,2,0.0114582,69310,2,85,2,0,0,0,,,,,,,,1, 
-8767,94,201201,44,3,0,06172012,1645,0.571,2.475,15.879,Y,7.811,59.41855,-178.11585,62-04,62,526,534,3.8,3.6,1189,172,115,2,0.0114582,69310,2,97,2,0,0,0,,,,,,,,1, 
-8767,94,201201,44,3,0,06172012,1645,0.571,2.475,15.879,Y,7.811,59.41855,-178.11585,62-04,62,526,534,3.8,3.6,1189,172,115,2,0.0114582,69310,2,89,2,0,0,0,,,,,,,,1, 
-8767,94,201201,44,3,0,06172012,1645,0.571,2.475,15.879,Y,7.811,59.41855,-178.11585,62-04,62,526,534,3.8,3.6,1189,172,115,2,0.0114582,69310,2,78,2,0,0,0,,,,,,,,1, 
-8767,94,201201,44,3,0,06172012,1645,0.571,2.475,15.879,Y,7.811,59.41855,-178.11585,62-04,62,526,534,3.8,3.6,1189,172,115,2,0.0114582,69310,2,97,2,0,0,1,,,,,,,,1, 
-8768,94,201201,45,3,2.4,06182012,0733,0.296,1.295,16.709,Y,7.389,59.39858,-178.2134,63-02,63,625,632,3.8,3.4,1280,172,115,2,0.006308677,69310,1,34,2,,,,,,,,,,,1, 
-8768,94,201201,45,3,2.4,06182012,0733,0.296,1.295,16.709,Y,7.389,59.39858,-178.2134,63-02,63,625,632,3.8,3.4,1280,172,115,2,0.006308677,69310,1,55,2,,,,,,,,,,,1, 
-8768,94,201201,45,3,2.4,06182012,0733,0.296,1.295,16.709,Y,7.389,59.39858,-178.2134,63-02,63,625,632,3.8,3.4,1280,172,115,2,0.006308677,69310,1,32,2,,,,,,,,,,,1, 
-8768,94,201201,45,3,2.4,06182012,0733,0.296,1.295,16.709,Y,7.389,59.39858,-178.2134,63-02,63,625,632,3.8,3.4,1280,172,115,2,0.006308677,69310,1,34,2,,,,,,,,,,,1, 
-8768,94,201201,45,3,2.4,06182012,0733,0.296,1.295,16.709,Y,7.389,59.39858,-178.2134,63-02,63,625,632,3.8,3.4,1280,172,115,2,0.006308677,69310,3,999,2,,,,,,,,,,,1, 
-8768,94,201201,45,3,2.4,06182012,0733,0.296,1.295,16.709,Y,7.389,59.39858,-178.2134,63-02,63,625,632,3.8,3.4,1280,172,115,2,0.006308677,69310,2,61,2,0,0,0,,,,,,,,1, 
-8768,94,201201,45,3,2.4,06182012,0733,0.296,1.295,16.709,Y,7.389,59.39858,-178.2134,63-02,63,625,632,3.8,3.4,1280,172,115,2,0.006308677,69310,1,28,2,,,,,,,,,,,1, 
-8768,94,201201,45,3,2.4,06182012,0733,0.296,1.295,16.709,Y,7.389,59.39858,-178.2134,63-02,63,625,632,3.8,3.4,1280,172,115,2,0.006308677,69310,2,24,2,0,0,0,,,,,,,,1, 
-8768,94,201201,45,3,2.4,06182012,0733,0.296,1.295,16.709,Y,7.389,59.39858,-178.2134,63-02,63,625,632,3.8,3.4,1280,172,115,2,0.006308677,69310,1,25,2,,,,,,,,,,,1, 
-8769,94,201201,46,3,0,06182012,0945,0.517,2.394,15.252,Y,8.355,59.33837,-178.0914,63-01,63,617,625,3.7,3.4,1280,172,115,2,0.010645571,69310,0,0,,,,,,,,,,,,0, 
-8770,94,201201,47,3,0,06182012,1211,0.52,2.3,15.904,Y,8.025,59.35727,-177.98378,62-15,62,534,542,3.3,3.6,1189,172,115,2,0.010664788,69310,1,124,2,,,,,,,,,,,1, 
-8771,94,201201,48,3,0,06182012,1448,0.532,2.257,15.418,Y,8.093,59.29955,-177.69013,61-17,61,331,339,2.8,3.6,823,172,115,1,0.010145598,69310,1,104,2,,,,,,,,,,,1, 
-8771,94,201201,48,3,0,06182012,1448,0.532,2.257,15.418,Y,8.093,59.29955,-177.69013,61-17,61,331,339,2.8,3.6,823,172,115,1,0.010145598,69310,2,119,2,4,1,6,,,,,,,,1, 
-8771,94,201201,48,3,0,06182012,1448,0.532,2.257,15.418,Y,8.093,59.29955,-177.69013,61-17,61,331,339,2.8,3.6,823,172,115,1,0.010145598,69310,2,117,2,4,1,6,,,,,,,,1, 
-8772,94,201201,49,3,0,06182012,1721,0.493,2.454,15.275,Y,7.944,59.19,-177.9422,61-01,61,0,8,3.2,0,640,172,115,1,0.010928834,69310,0,0,,,,,,,,,,,,0, 
-8773,94,201201,50,3,0,06192012,0731,0.471,2.049,15.645,Y,8.286,59.2492,-177.84538,62-01,62,407,415,3.2,3.6,1006,172,115,2,0.009346211,69310,1,108,2,,,,,,,,,,,1, 
-8773,94,201201,50,3,0,06192012,0731,0.471,2.049,15.645,Y,8.286,59.2492,-177.84538,62-01,62,407,415,3.2,3.6,1006,172,115,2,0.009346211,69310,1,97,2,,,,,,,,,,,1, 
-8774,94,201201,51,3,0,06192012,1021,0.486,2.269,16.275,Y,7.596,59.35577,-178.35547,64-01,64,950,958,4.8,2.9,1829,172,115,1,0.010766475,69310,0,0,,,,,,,,,,,,0, 
-8775,94,201201,52,3,0,06202012,1049,0.5,2.267,15.984,Y,7.13,60.60923,-178.82987,61-16,61,229,236,3.1,2,686,172,115,1,0.010564648,69310,0,0,,,,,,,,,,,,0, 
-8776,94,201201,53,3,0,06202012,1259,0.473,2.146,15.727,Y,7.653,60.50607,-178.8626,61-15,61,285,293,3.7,2.7,732,172,115,1,0.009839967,69310,0,0,,,,,,,,,,,,0, 
-8777,94,201201,54,3,0,06202012,1527,0.478,2.175,14.723,Y,7.801,60.4365,-179.04618,62-12,62,463,471,3.9,3.3,1052,172,115,1,0.009336274,69310,0,0,,,,,,,,,,,,0, 
-8778,94,201201,55,3,0,06202012,1753,0.521,2.388,15.925,Y,7.341,60.37325,-179.33855,63-06,63,731,738,4.7,3,1509,172,115,1,0.011087453,69310,0,0,,,,,,,,,,,,0, 
-8779,94,201201,56,3,0,06212012,0743,0.472,1.885,17.392,Y,6.788,60.12178,-179.49565,65-03,65,1114,1121,2.7,2.6,1920,172,115,2,0.009558262,69310,0,0,,,,,,,,,,,,0, 
-8780,94,201201,57,3,4.4,06212012,1034,0.419,1.893,14.723,Y,8.07,60.22002,-179.34408,64-06,64,897,905,4.6,2.7,1783,172,115,2,0.008125778,69310,0,0,,,,,,,,,,,,0, 
-8781,94,201201,58,3,4.4,06212012,1324,0.419,1.807,14.904,Y,7.868,60.20367,-179.20758,65-02,65,1017,1025,4,2.8,1920,172,115,2,0.007851977,69310,0,0,,,,,,,,,,,,0, 
-8782,94,201201,59,3,0,06212012,1646,0.259,1.215,15.828,Y,7.392,60.25048,-179.02952,63-05,63,704,711,3.9,3.3,1463,172,115,2,0.005606868,69310,0,0,,,,,,,,,,,,0, 
-8783,94,201201,60,3,0,06222012,0719,0.53,2.45,16.747,Y,8.132,60.31417,-178.67923,61-18,61,378,386,4,3.6,914,172,115,1,0.011962478,69310,0,0,,,,,,,,,,,,0, 
-8784,94,201201,61,3,0,06222012,0948,0.501,2.27,15.045,Y,7.779,60.18083,-178.85553,61-12,61,382,390,3.1,2.3,914,172,115,1,0.009957174,69310,1,86,3,,,,,,,,,,,1, 
-8784,94,201201,61,3,0,06222012,0948,0.501,2.27,15.045,Y,7.779,60.18083,-178.85553,61-12,61,382,390,3.1,2.3,914,172,115,1,0.009957174,69310,1,22,2,,,,,,,,,,,1, 
-8784,94,201201,61,3,0,06222012,0948,0.501,2.27,15.045,Y,7.779,60.18083,-178.85553,61-12,61,382,390,3.1,2.3,914,172,115,1,0.009957174,69310,1,19,2,,,,,,,,,,,1, 
-8784,94,201201,61,3,0,06222012,0948,0.501,2.27,15.045,Y,7.779,60.18083,-178.85553,61-12,61,382,390,3.1,2.3,914,172,115,1,0.009957174,69310,2,21,2,0,0,0,,,,,,,,1, 
-8784,94,201201,61,3,0,06222012,0948,0.501,2.27,15.045,Y,7.779,60.18083,-178.85553,61-12,61,382,390,3.1,2.3,914,172,115,1,0.009957174,69310,2,86,3,0,0,1,,,,,,,,1, 
-8784,94,201201,61,3,0,06222012,0948,0.501,2.27,15.045,Y,7.779,60.18083,-178.85553,61-12,61,382,390,3.1,2.3,914,172,115,1,0.009957174,69310,2,25,2,0,0,0,,,,,,,,1, 
-8784,94,201201,61,3,0,06222012,0948,0.501,2.27,15.045,Y,7.779,60.18083,-178.85553,61-12,61,382,390,3.1,2.3,914,172,115,1,0.009957174,69310,1,15,2,,,,,,,,,,,1, 
-8785,94,201201,62,3,4.1,06222012,1208,0.398,1.849,16.154,Y,7.868,60.19985,-178.93992,62-10,62,520,528,4.1,3.7,1143,172,115,2,0.008708333,69310,2,44,1,0,0,0,,,,,,,,1, 
-8786,94,201201,63,3,0,06222012,1458,0.474,2.205,15.65,N,7.706,60.10113,-179.0607,61-21,61,325,333,3.9,3.5,823,172,115,1,0.010060996,69310,0,0,,,,,,,,,,,,0, 
-8787,94,201201,64,3,0,06222012,1722,0.5,2.156,15.866,Y,7.742,60.08187,-179.13408,62-09,62,527,535,4.3,3.7,1143,172,115,2,0.009973193,69310,0,0,,,,,,,,,,,,0, 
-8788,94,201201,65,3,0,06232012,0716,0.517,2.333,16.565,Y,7.125,59.95135,-178.93342,61-10,61,281,288,2.9,2.2,732,172,115,1,0.011267413,69310,0,0,,,,,,,,,,,,0, 
-8789,94,201201,66,3,0,06232012,0928,0.513,2.272,16.234,Y,7.247,59.93068,-178.94328,62-08,62,411,418,2,3.8,960,172,115,2,0.010753551,69310,2,94,3,0,0,1,,,,,,,,1, 
-8790,94,201201,67,3,0,06232012,1203,0.521,2.178,16.37,Y,7.445,59.87167,-178.82015,61-09,61,240,247,2.4,2.2,686,172,115,1,0.010395002,69310,0,0,,,,,,,,,,,,0, 
-8791,94,201201,68,3,0,06232012,1424,0.511,2.21,15.932,Y,7.54,59.80037,-178.68437,61-08,61,209,217,4.6,2.2,640,172,115,1,0.010265512,69310,0,0,,,,,,,,,,,,0, 
-8792,94,201201,69,3,0,06232012,1645,0.509,2.48,15.964,Y,7.258,59.81123,-178.74015,62-07,62,442,449,4.3,3.7,1006,172,115,1,0.011542807,69310,1,87,2,,,,,,,,,,,1, 
-8793,94,201201,70,3,4.2,06242012,0717,0.244,1.039,16.381,Y,5.979,59.69347,-178.52792,62-06,62,510,516,4.3,3.7,1097,172,115,1,0.004962197,69310,0,0,,,,,,,,,,,,0, 
-8794,94,201201,71,3,0,06242012,0934,0.486,2.259,15.851,Y,7.292,59.62265,-178.43533,61-07,61,311,318,4,3,777,172,115,1,0.01043977,69310,1,89,3,,,,,,,,,,,1, 
-8795,94,201201,72,3,0,06242012,1520,0.545,2.449,14.855,Y,8.313,58.93838,-178.0168,51-02,51,210,218,5.3,2.1,640,172,115,1,0.01060668,69310,0,0,,,,,,,,,,,,0, 
-8796,94,201201,73,3,0,06242012,1724,0.541,2.306,16.873,Y,7.335,58.89485,-178.07873,52-04,52,420,427,5.7,3.8,1006,172,115,1,0.01134409,69310,1,100,2,,,,,,,,,,,1, 
-8796,94,201201,73,3,0,06242012,1724,0.541,2.306,16.873,Y,7.335,58.89485,-178.07873,52-04,52,420,427,5.7,3.8,1006,172,115,1,0.01134409,69310,2,107,2,4,1,6,,,,,,,,1, 
-8797,94,201201,74,3,0,06252012,0727,0.469,2.083,17.109,Y,7.296,58.90897,-178.17945,54-07,54,0,7,5.4,0,1646,172,115,1,0.010390392,69310,0,0,,,,,,,,,,,,0, 
-8798,94,201201,75,3,0,06252012,1003,0.495,2.136,17.065,Y,7.199,58.79787,-178.10023,53-04,53,0,7,5.9,0,1280,172,115,1,0.010627365,69310,0,0,,,,,,,,,,,,0, 
-8799,94,201201,76,3,0,06252012,1216,0.526,2.031,16.715,Y,7.446,58.78095,-177.91217,52-03,52,0,7,5,0,1097,172,115,2,0.009897701,69310,0,0,,,,,,,,,,,,0, 
-8800,94,201201,77,3,0,06252012,1458,0.301,1.387,17.062,Y,7.106,58.65307,-177.80038,53-03,53,700,707,6.1,3.4,1463,172,115,1,0.006899608,69310,0,0,,,,,,,,,,,,0, 
-8801,94,201201,78,3,5.2,06252012,1653,0.378,1.612,18.336,Y,7.228,58.62662,-177.74567,54-01,54,813,820,5.8,3.2,1600,172,115,1,0.008617627,69310,0,0,,,,,,,,,,,,0, 
-8802,94,201201,79,3,6.1,06262012,0735,0.342,1.5,17.169,Y,6.473,58.6282,-177.96287,55-07,55,1033,1039,6.7,2.9,1920,172,115,1,0.007508519,69310,0,0,,,,,,,,,,,,0, 
-8803,94,201201,80,3,0,06262012,1038,0.541,1.991,16.807,Y,7.08,58.50415,-177.87645,55-02,55,1129,1136,6.2,2.6,1920,172,115,2,0.009756173,69310,0,0,,,,,,,,,,,,0, 
-8804,94,201201,81,3,0,06262012,1400,0.432,1.62,15.237,Y,7.504,58.58807,-177.67877,55-01,55,1004,1012,6.3,2.9,1920,172,115,1,0.007196685,69310,0,0,,,,,,,,,,,,0, 
-8805,94,201201,82,3,0,06262012,1919,0.469,2.253,15.832,Y,7.765,58.58592,-176.45443,51-07,51,248,256,5.3,2.9,686,172,115,2,0.010399561,69310,0,0,,,,,,,,,,,,0, 
-8806,94,201201,83,3,0,06272012,0718,0.485,2.345,16.249,Y,6.917,58.53603,-176.07882,52-01,52,450,457,6.3,3.8,1052,172,115,2,0.011109321,69310,1,105,3,,,,,,,,,,,1, 
-8807,94,201201,84,3,0,06272012,1017,0.499,2.413,15.203,Y,7.812,58.4006,-175.5898,41-10,41,278,286,5.9,3.1,732,172,115,1,0.010695588,69310,0,0,,,,,,,,,,,,0, 
-8808,94,201201,85,3,0,06272012,1230,0.487,2.098,15.534,Y,8.015,58.2695,-175.45628,42-01,42,568,576,5.9,3.6,1253,172,115,1,0.00950182,69310,0,0,,,,,,,,,,,,0, 
-8809,94,201201,86,3,0,06272012,1440,0.511,2.163,15.569,Y,7.765,58.36243,-175.30005,41-09,41,265,273,6.1,3.6,732,172,115,2,0.009818277,69310,0,0,,,,,,,,,,,,0, 
-8810,94,201201,87,3,0,06272012,1704,0.503,2.354,15.883,Y,7.357,58.37803,-175.06743,42-04,42,567,574,6,3.5,1234,172,115,2,0.010900766,69310,0,0,,,,,,,,,,,,0, 
-8811,94,201201,88,3,0,06282012,0747,0.547,2.173,16.083,Y,7.098,58.07123,-175.50797,45-01,45,1026,1033,6,2.9,1920,172,115,1,0.010189311,69310,0,0,,,,,,,,,,,,0, 
-8812,94,201201,89,3,0,06282012,1052,0.309,1.385,14.342,Y,7.798,58.10382,-175.57507,45-05,45,1015,1023,5.9,2.9,1920,172,115,1,0.00579132,69310,0,0,,,,,,,,,,,,0, 
-8813,94,201201,90,3,0,06282012,1317,0.566,2.19,16.205,Y,7.283,58.12705,-175.55022,44-03,44,897,904,6,3.1,1783,172,115,1,0.010346922,69310,0,0,,,,,,,,,,,,0, 
-8814,94,201201,91,3,0,06282012,1753,0.504,2.401,16.362,Y,7.303,58.25733,-175.51372,43-04,43,641,648,6.4,3.4,1326,172,115,1,0.011453721,69310,0,0,,,,,,,,,,,,0, 
-8815,94,201201,92,3,0,06292012,0726,0.561,2.308,16.061,Y,7.62,58.55178,-174.78978,43-05,43,773,781,5.8,3.2,1600,172,115,2,0.010807529,69310,0,0,,,,,,,,,,,,0, 
-8816,94,201201,93,3,0,06292012,1136,0.522,2.192,16.54,Y,7.261,58.54598,-174.8652,44-02,44,954,961,5.2,2.9,1829,172,115,1,0.010570465,69310,0,0,,,,,,,,,,,,0, 
-8817,94,201201,94,3,0,06292012,1408,0.262,1.206,16.512,Y,7.263,58.58432,-175.10787,43-02,43,671,678,5.4,3.4,1372,172,115,2,0.005805839,69310,0,0,,,,,,,,,,,,0, 
-8818,94,201201,95,3,0,06292012,1557,0.521,2.462,15.701,Y,7.405,58.61465,-175.07068,42-08,42,438,445,5.6,3.8,1052,172,115,2,0.011270246,69310,0,0,,,,,,,,,,,,0, 
-8819,94,201201,96,3,0,06292012,1827,0.479,2.183,15.305,Y,7.958,58.65937,-174.87068,41-07,41,246,254,6.3,3.2,686,172,115,1,0.009741035,69310,0,0,,,,,,,,,,,,0, 
-8820,94,201201,97,3,0,06302012,0727,0.503,2.428,17.175,Y,7.009,57.15873,-173.96488,33-08,33,627,634,6.6,3.5,1326,172,115,1,0.012158037,69310,0,0,,,,,,,,,,,,0, 
-8821,94,201201,98,3,0,06302012,0932,0.533,2.447,16.155,Y,7.748,57.2111,-173.92138,32-06,32,405,413,6.7,3.8,960,172,115,1,0.011525479,69310,0,0,,,,,,,,,,,,0, 
-8822,94,201201,99,3,0,06302012,1131,0.533,2.273,15.471,Y,7.659,57.15277,-173.91307,32-07,32,454,462,6.6,3.7,1052,172,115,2,0.010252644,69310,0,0,,,,,,,,,,,,0, 
-8823,94,201201,100,3,0,06302012,1331,0.541,2.502,15.3,Y,8.014,57.13463,-173.8026,31-12,31,224,232,6.3,3.1,640,172,115,3,0.011160837,69310,2,129,2,4,1,5,,,,,,,,1, 
-8823,94,201201,100,3,0,06302012,1331,0.541,2.502,15.3,Y,8.014,57.13463,-173.8026,31-12,31,224,232,6.3,3.1,640,172,115,3,0.011160837,69310,1,157,2,,,,,,,,,,,1, 
-9282,94,201201,101,3,0,07042012,0759,0.48,2.218,17.504,Y,5.691,54.44643,-167.1485,12-03,12,527,533,6.6,3.6,1143,172,115,1,0.01131923,69310,2,98,2,0,0,0,,,,,,,,1, 
-9282,94,201201,101,3,0,07042012,0759,0.48,2.218,17.504,Y,5.691,54.44643,-167.1485,12-03,12,527,533,6.6,3.6,1143,172,115,1,0.01131923,69310,1,123,2,,,,,,,,,,,1, 
-9282,94,201201,101,3,0,07042012,0759,0.48,2.218,17.504,Y,5.691,54.44643,-167.1485,12-03,12,527,533,6.6,3.6,1143,172,115,1,0.01131923,69310,1,120,2,,,,,,,,,,,1, 
-9282,94,201201,101,3,0,07042012,0759,0.48,2.218,17.504,Y,5.691,54.44643,-167.1485,12-03,12,527,533,6.6,3.6,1143,172,115,1,0.01131923,69310,1,116,2,,,,,,,,,,,1, 
-9282,94,201201,101,3,0,07042012,0759,0.48,2.218,17.504,Y,5.691,54.44643,-167.1485,12-03,12,527,533,6.6,3.6,1143,172,115,1,0.01131923,69310,1,122,2,,,,,,,,,,,1, 
-9283,94,201201,102,3,0,07042012,1148,0.544,2.411,17.585,Y,5.762,54.52218,-167.30257,12-31,12,559,565,6.5,3.6,1189,172,115,1,0.012361114,69310,0,0,,,,,,,,,,,,0, 
-9284,94,201201,103,3,0,07042012,1512,0.511,2.246,17.443,Y,5.512,54.80905,-167.3976,12-48,12,476,482,6.4,3.6,1097,172,115,1,0.011422179,69310,0,0,,,,,,,,,,,,0, 
-9285,94,201201,104,3,0,07052012,0732,0.541,2.092,18.606,Y,5.992,55.57553,-168.78603,24-01,24,888,894,6.2,3.1,1737,172,115,1,0.01134835,69310,0,0,,,,,,,,,,,,0, 
-9286,94,201201,105,3,0,07052012,1113,0.542,2.196,17.36,Y,5.899,55.58945,-168.87232,25-01,25,1014,1020,6.3,2.9,1920,172,115,1,0.01111476,69310,0,0,,,,,,,,,,,,0, 
-9287,94,201201,106,3,0,07052012,1426,0.493,2.322,16.812,Y,6.795,55.80043,-168.8584,22-01,22,528,535,6.1,3.6,1189,172,115,1,0.011381503,69310,2,128,2,0,0,0,,,,,,,,1, 
-9287,94,201201,106,3,0,07052012,1426,0.493,2.322,16.812,Y,6.795,55.80043,-168.8584,22-01,22,528,535,6.1,3.6,1189,172,115,1,0.011381503,69310,2,101,2,0,0,0,,,,,,,,1, 
-9288,94,201201,107,3,0,07052012,1723,0.524,2.415,15.763,Y,6.63,55.9394,-168.7771,21-02,21,282,289,6.6,3.2,732,172,115,1,0.011098749,69310,0,0,,,,,,,,,,,,0, 
-9289,94,201201,109,3,0,07062012,1003,0.449,1.831,16.159,Y,6.357,56.10248,-169.22695,25-05,25,1073,1079,6.1,2.5,1920,172,115,1,0.008626227,69310,1,147,3,,,,,,,,,,,1, 
-9289,94,201201,109,3,0,07062012,1003,0.449,1.831,16.159,Y,6.357,56.10248,-169.22695,25-05,25,1073,1079,6.1,2.5,1920,172,115,1,0.008626227,69310,2,100,1,0,0,0,,,,,,,,1, 
-9290,94,201201,110,3,0,07062012,1317,0.43,1.881,15.46,Y,6.976,56.16523,-169.39798,23-09,23,622,629,6.4,3.3,1280,172,115,1,0.008478447,69310,2,119,3,0,4,1,,,,,,,,1, 
-9290,94,201201,110,3,0,07062012,1317,0.43,1.881,15.46,Y,6.976,56.16523,-169.39798,23-09,23,622,629,6.4,3.3,1280,172,115,1,0.008478447,69310,2,90,2,0,0,0,,,,,,,,1, 
-9290,94,201201,110,3,0,07062012,1317,0.43,1.881,15.46,Y,6.976,56.16523,-169.39798,23-09,23,622,629,6.4,3.3,1280,172,115,1,0.008478447,69310,2,82,2,0,0,0,,,,,,,,1, 
-9290,94,201201,110,3,0,07062012,1317,0.43,1.881,15.46,Y,6.976,56.16523,-169.39798,23-09,23,622,629,6.4,3.3,1280,172,115,1,0.008478447,69310,2,81,2,0,0,0,,,,,,,,1, 
-9290,94,201201,110,3,0,07062012,1317,0.43,1.881,15.46,Y,6.976,56.16523,-169.39798,23-09,23,622,629,6.4,3.3,1280,172,115,1,0.008478447,69310,2,93,2,0,0,0,,,,,,,,1, 
-9290,94,201201,110,3,0,07062012,1317,0.43,1.881,15.46,Y,6.976,56.16523,-169.39798,23-09,23,622,629,6.4,3.3,1280,172,115,1,0.008478447,69310,2,76,2,0,0,0,,,,,,,,1, 
-9290,94,201201,110,3,0,07062012,1317,0.43,1.881,15.46,Y,6.976,56.16523,-169.39798,23-09,23,622,629,6.4,3.3,1280,172,115,1,0.008478447,69310,2,82,2,0,0,0,,,,,,,,1, 
-9290,94,201201,110,3,0,07062012,1317,0.43,1.881,15.46,Y,6.976,56.16523,-169.39798,23-09,23,622,629,6.4,3.3,1280,172,115,1,0.008478447,69310,2,80,2,0,0,0,,,,,,,,1, 
-9290,94,201201,110,3,0,07062012,1317,0.43,1.881,15.46,Y,6.976,56.16523,-169.39798,23-09,23,622,629,6.4,3.3,1280,172,115,1,0.008478447,69310,2,87,2,0,0,0,,,,,,,,1, 
-9290,94,201201,110,3,0,07062012,1317,0.43,1.881,15.46,Y,6.976,56.16523,-169.39798,23-09,23,622,629,6.4,3.3,1280,172,115,1,0.008478447,69310,2,86,2,0,0,0,,,,,,,,1, 
-9290,94,201201,110,3,0,07062012,1317,0.43,1.881,15.46,Y,6.976,56.16523,-169.39798,23-09,23,622,629,6.4,3.3,1280,172,115,1,0.008478447,69310,2,94,2,0,0,0,,,,,,,,1, 
-9290,94,201201,110,3,0,07062012,1317,0.43,1.881,15.46,Y,6.976,56.16523,-169.39798,23-09,23,622,629,6.4,3.3,1280,172,115,1,0.008478447,69310,2,84,2,0,0,0,,,,,,,,1, 
-9290,94,201201,110,3,0,07062012,1317,0.43,1.881,15.46,Y,6.976,56.16523,-169.39798,23-09,23,622,629,6.4,3.3,1280,172,115,1,0.008478447,69310,2,91,2,0,0,0,,,,,,,,1, 
-9290,94,201201,110,3,0,07062012,1317,0.43,1.881,15.46,Y,6.976,56.16523,-169.39798,23-09,23,622,629,6.4,3.3,1280,172,115,1,0.008478447,69310,2,84,2,0,0,0,,,,,,,,1, 
-9290,94,201201,110,3,0,07062012,1317,0.43,1.881,15.46,Y,6.976,56.16523,-169.39798,23-09,23,622,629,6.4,3.3,1280,172,115,1,0.008478447,69310,2,97,2,0,0,0,,,,,,,,1, 
-9290,94,201201,110,3,0,07062012,1317,0.43,1.881,15.46,Y,6.976,56.16523,-169.39798,23-09,23,622,629,6.4,3.3,1280,172,115,1,0.008478447,69310,2,20,2,0,0,0,,,,,,,,1, 
-9290,94,201201,110,3,0,07062012,1317,0.43,1.881,15.46,Y,6.976,56.16523,-169.39798,23-09,23,622,629,6.4,3.3,1280,172,115,1,0.008478447,69310,1,161,3,,,,,,,,,,,1, 
-9290,94,201201,110,3,0,07062012,1317,0.43,1.881,15.46,Y,6.976,56.16523,-169.39798,23-09,23,622,629,6.4,3.3,1280,172,115,1,0.008478447,69310,1,126,2,,,,,,,,,,,1, 
-9290,94,201201,110,3,0,07062012,1317,0.43,1.881,15.46,Y,6.976,56.16523,-169.39798,23-09,23,622,629,6.4,3.3,1280,172,115,1,0.008478447,69310,1,93,2,,,,,,,,,,,1, 
-9290,94,201201,110,3,0,07062012,1317,0.43,1.881,15.46,Y,6.976,56.16523,-169.39798,23-09,23,622,629,6.4,3.3,1280,172,115,1,0.008478447,69310,1,86,2,,,,,,,,,,,1, 
-9290,94,201201,110,3,0,07062012,1317,0.43,1.881,15.46,Y,6.976,56.16523,-169.39798,23-09,23,622,629,6.4,3.3,1280,172,115,1,0.008478447,69310,1,82,2,,,,,,,,,,,1, 
-9290,94,201201,110,3,0,07062012,1317,0.43,1.881,15.46,Y,6.976,56.16523,-169.39798,23-09,23,622,629,6.4,3.3,1280,172,115,1,0.008478447,69310,1,62,2,,,,,,,,,,,1, 
-9290,94,201201,110,3,0,07062012,1317,0.43,1.881,15.46,Y,6.976,56.16523,-169.39798,23-09,23,622,629,6.4,3.3,1280,172,115,1,0.008478447,69310,1,66,2,,,,,,,,,,,1, 
-9290,94,201201,110,3,0,07062012,1317,0.43,1.881,15.46,Y,6.976,56.16523,-169.39798,23-09,23,622,629,6.4,3.3,1280,172,115,1,0.008478447,69310,1,74,1,,,,,,,,,,,1, 
-9290,94,201201,110,3,0,07062012,1317,0.43,1.881,15.46,Y,6.976,56.16523,-169.39798,23-09,23,622,629,6.4,3.3,1280,172,115,1,0.008478447,69310,1,80,2,,,,,,,,,,,1, 
-9290,94,201201,110,3,0,07062012,1317,0.43,1.881,15.46,Y,6.976,56.16523,-169.39798,23-09,23,622,629,6.4,3.3,1280,172,115,1,0.008478447,69310,1,100,2,,,,,,,,,,,1, 
-9290,94,201201,110,3,0,07062012,1317,0.43,1.881,15.46,Y,6.976,56.16523,-169.39798,23-09,23,622,629,6.4,3.3,1280,172,115,1,0.008478447,69310,1,88,2,,,,,,,,,,,1, 
-9290,94,201201,110,3,0,07062012,1317,0.43,1.881,15.46,Y,6.976,56.16523,-169.39798,23-09,23,622,629,6.4,3.3,1280,172,115,1,0.008478447,69310,1,16,2,,,,,,,,,,,1, 
-9290,94,201201,110,3,0,07062012,1317,0.43,1.881,15.46,Y,6.976,56.16523,-169.39798,23-09,23,622,629,6.4,3.3,1280,172,115,1,0.008478447,69310,1,60,2,,,,,,,,,,,1, 
-9290,94,201201,110,3,0,07062012,1317,0.43,1.881,15.46,Y,6.976,56.16523,-169.39798,23-09,23,622,629,6.4,3.3,1280,172,115,1,0.008478447,69310,1,95,2,,,,,,,,,,,1, 
-9290,94,201201,110,3,0,07062012,1317,0.43,1.881,15.46,Y,6.976,56.16523,-169.39798,23-09,23,622,629,6.4,3.3,1280,172,115,1,0.008478447,69310,1,97,2,,,,,,,,,,,1, 
-9290,94,201201,110,3,0,07062012,1317,0.43,1.881,15.46,Y,6.976,56.16523,-169.39798,23-09,23,622,629,6.4,3.3,1280,172,115,1,0.008478447,69310,1,77,2,,,,,,,,,,,1, 
-9290,94,201201,110,3,0,07062012,1317,0.43,1.881,15.46,Y,6.976,56.16523,-169.39798,23-09,23,622,629,6.4,3.3,1280,172,115,1,0.008478447,69310,1,44,2,,,,,,,,,,,1, 
-9290,94,201201,110,3,0,07062012,1317,0.43,1.881,15.46,Y,6.976,56.16523,-169.39798,23-09,23,622,629,6.4,3.3,1280,172,115,1,0.008478447,69310,2,109,2,4,1,4,,,,,,,,1, 
-9290,94,201201,110,3,0,07062012,1317,0.43,1.881,15.46,Y,6.976,56.16523,-169.39798,23-09,23,622,629,6.4,3.3,1280,172,115,1,0.008478447,69310,2,136,2,4,1,4,,,,,,,,1, 
-9290,94,201201,110,3,0,07062012,1317,0.43,1.881,15.46,Y,6.976,56.16523,-169.39798,23-09,23,622,629,6.4,3.3,1280,172,115,1,0.008478447,69310,2,107,3,0,4,1,,,,,,,,1, 
-9290,94,201201,110,3,0,07062012,1317,0.43,1.881,15.46,Y,6.976,56.16523,-169.39798,23-09,23,622,629,6.4,3.3,1280,172,115,1,0.008478447,69310,2,121,2,4,1,4,,,,,,,,1, 
-9290,94,201201,110,3,0,07062012,1317,0.43,1.881,15.46,Y,6.976,56.16523,-169.39798,23-09,23,622,629,6.4,3.3,1280,172,115,1,0.008478447,69310,2,107,3,0,4,1,,,,,,,,1, 
-9290,94,201201,110,3,0,07062012,1317,0.43,1.881,15.46,Y,6.976,56.16523,-169.39798,23-09,23,622,629,6.4,3.3,1280,172,115,1,0.008478447,69310,2,127,2,4,1,4,,,,,,,,1, 
-9290,94,201201,110,3,0,07062012,1317,0.43,1.881,15.46,Y,6.976,56.16523,-169.39798,23-09,23,622,629,6.4,3.3,1280,172,115,1,0.008478447,69310,2,120,2,4,1,4,,,,,,,,1, 
-9290,94,201201,110,3,0,07062012,1317,0.43,1.881,15.46,Y,6.976,56.16523,-169.39798,23-09,23,622,629,6.4,3.3,1280,172,115,1,0.008478447,69310,2,103,2,0,4,1,,,,,,,,1, 
-9290,94,201201,110,3,0,07062012,1317,0.43,1.881,15.46,Y,6.976,56.16523,-169.39798,23-09,23,622,629,6.4,3.3,1280,172,115,1,0.008478447,69310,1,145,3,,,,,,,,,,,1, 
-9290,94,201201,110,3,0,07062012,1317,0.43,1.881,15.46,Y,6.976,56.16523,-169.39798,23-09,23,622,629,6.4,3.3,1280,172,115,1,0.008478447,69310,1,24,2,,,,,,,,,,,1, 
-9290,94,201201,110,3,0,07062012,1317,0.43,1.881,15.46,Y,6.976,56.16523,-169.39798,23-09,23,622,629,6.4,3.3,1280,172,115,1,0.008478447,69310,2,107,2,4,1,4,,,,,,,,1, 
-9290,94,201201,110,3,0,07062012,1317,0.43,1.881,15.46,Y,6.976,56.16523,-169.39798,23-09,23,622,629,6.4,3.3,1280,172,115,1,0.008478447,69310,2,87,2,0,0,0,,,,,,,,1, 
-9290,94,201201,110,3,0,07062012,1317,0.43,1.881,15.46,Y,6.976,56.16523,-169.39798,23-09,23,622,629,6.4,3.3,1280,172,115,1,0.008478447,69310,1,147,3,,,,,,,,,,,1, 
-9290,94,201201,110,3,0,07062012,1317,0.43,1.881,15.46,Y,6.976,56.16523,-169.39798,23-09,23,622,629,6.4,3.3,1280,172,115,1,0.008478447,69310,1,73,2,,,,,,,,,,,1, 
-9291,94,201201,111,3,0,07062012,1535,0.541,2.311,15.377,Y,6.84,56.20952,-169.53832,22-09,22,425,432,6.8,3.5,1006,172,115,1,0.010360712,69310,1,172,3,,,,,,,,,,,1, 
-9291,94,201201,111,3,0,07062012,1535,0.541,2.311,15.377,Y,6.84,56.20952,-169.53832,22-09,22,425,432,6.8,3.5,1006,172,115,1,0.010360712,69310,1,150,2,,,,,,,,,,,1, 
-9291,94,201201,111,3,0,07062012,1535,0.541,2.311,15.377,Y,6.84,56.20952,-169.53832,22-09,22,425,432,6.8,3.5,1006,172,115,1,0.010360712,69310,1,89,2,,,,,,,,,,,1, 
-9291,94,201201,111,3,0,07062012,1535,0.541,2.311,15.377,Y,6.84,56.20952,-169.53832,22-09,22,425,432,6.8,3.5,1006,172,115,1,0.010360712,69310,1,104,2,,,,,,,,,,,1, 
-9291,94,201201,111,3,0,07062012,1535,0.541,2.311,15.377,Y,6.84,56.20952,-169.53832,22-09,22,425,432,6.8,3.5,1006,172,115,1,0.010360712,69310,1,107,2,,,,,,,,,,,1, 
-9291,94,201201,111,3,0,07062012,1535,0.541,2.311,15.377,Y,6.84,56.20952,-169.53832,22-09,22,425,432,6.8,3.5,1006,172,115,1,0.010360712,69310,1,107,2,,,,,,,,,,,1, 
-9291,94,201201,111,3,0,07062012,1535,0.541,2.311,15.377,Y,6.84,56.20952,-169.53832,22-09,22,425,432,6.8,3.5,1006,172,115,1,0.010360712,69310,1,111,2,,,,,,,,,,,1, 
-9291,94,201201,111,3,0,07062012,1535,0.541,2.311,15.377,Y,6.84,56.20952,-169.53832,22-09,22,425,432,6.8,3.5,1006,172,115,1,0.010360712,69310,1,110,2,,,,,,,,,,,1, 
-9291,94,201201,111,3,0,07062012,1535,0.541,2.311,15.377,Y,6.84,56.20952,-169.53832,22-09,22,425,432,6.8,3.5,1006,172,115,1,0.010360712,69310,1,27,2,,,,,,,,,,,1, 
-9291,94,201201,111,3,0,07062012,1535,0.541,2.311,15.377,Y,6.84,56.20952,-169.53832,22-09,22,425,432,6.8,3.5,1006,172,115,1,0.010360712,69310,1,95,2,,,,,,,,,,,1, 
-9291,94,201201,111,3,0,07062012,1535,0.541,2.311,15.377,Y,6.84,56.20952,-169.53832,22-09,22,425,432,6.8,3.5,1006,172,115,1,0.010360712,69310,1,104,2,,,,,,,,,,,1, 
-9291,94,201201,111,3,0,07062012,1535,0.541,2.311,15.377,Y,6.84,56.20952,-169.53832,22-09,22,425,432,6.8,3.5,1006,172,115,1,0.010360712,69310,1,103,2,,,,,,,,,,,1, 
-9291,94,201201,111,3,0,07062012,1535,0.541,2.311,15.377,Y,6.84,56.20952,-169.53832,22-09,22,425,432,6.8,3.5,1006,172,115,1,0.010360712,69310,1,133,2,,,,,,,,,,,1, 
-9291,94,201201,111,3,0,07062012,1535,0.541,2.311,15.377,Y,6.84,56.20952,-169.53832,22-09,22,425,432,6.8,3.5,1006,172,115,1,0.010360712,69310,1,124,2,,,,,,,,,,,1, 
-9291,94,201201,111,3,0,07062012,1535,0.541,2.311,15.377,Y,6.84,56.20952,-169.53832,22-09,22,425,432,6.8,3.5,1006,172,115,1,0.010360712,69310,1,102,2,,,,,,,,,,,1, 
-9291,94,201201,111,3,0,07062012,1535,0.541,2.311,15.377,Y,6.84,56.20952,-169.53832,22-09,22,425,432,6.8,3.5,1006,172,115,1,0.010360712,69310,2,126,2,4,1,4,,,,,,,,1, 
-9291,94,201201,111,3,0,07062012,1535,0.541,2.311,15.377,Y,6.84,56.20952,-169.53832,22-09,22,425,432,6.8,3.5,1006,172,115,1,0.010360712,69310,2,112,2,4,1,4,,,,,,,,1, 
-9291,94,201201,111,3,0,07062012,1535,0.541,2.311,15.377,Y,6.84,56.20952,-169.53832,22-09,22,425,432,6.8,3.5,1006,172,115,1,0.010360712,69310,2,114,2,4,1,4,,,,,,,,1, 
-9291,94,201201,111,3,0,07062012,1535,0.541,2.311,15.377,Y,6.84,56.20952,-169.53832,22-09,22,425,432,6.8,3.5,1006,172,115,1,0.010360712,69310,2,110,2,4,1,4,,,,,,,,1, 
-9291,94,201201,111,3,0,07062012,1535,0.541,2.311,15.377,Y,6.84,56.20952,-169.53832,22-09,22,425,432,6.8,3.5,1006,172,115,1,0.010360712,69310,2,121,2,4,1,4,,,,,,,,1, 
-9291,94,201201,111,3,0,07062012,1535,0.541,2.311,15.377,Y,6.84,56.20952,-169.53832,22-09,22,425,432,6.8,3.5,1006,172,115,1,0.010360712,69310,2,105,2,4,1,4,,,,,,,,1, 
-9291,94,201201,111,3,0,07062012,1535,0.541,2.311,15.377,Y,6.84,56.20952,-169.53832,22-09,22,425,432,6.8,3.5,1006,172,115,1,0.010360712,69310,2,125,2,4,1,4,,,,,,,,1, 
-9291,94,201201,111,3,0,07062012,1535,0.541,2.311,15.377,Y,6.84,56.20952,-169.53832,22-09,22,425,432,6.8,3.5,1006,172,115,1,0.010360712,69310,2,112,2,4,1,4,,,,,,,,1, 
-9291,94,201201,111,3,0,07062012,1535,0.541,2.311,15.377,Y,6.84,56.20952,-169.53832,22-09,22,425,432,6.8,3.5,1006,172,115,1,0.010360712,69310,2,90,2,0,0,0,,,,,,,,1, 
-9291,94,201201,111,3,0,07062012,1535,0.541,2.311,15.377,Y,6.84,56.20952,-169.53832,22-09,22,425,432,6.8,3.5,1006,172,115,1,0.010360712,69310,2,100,2,0,0,0,,,,,,,,1, 
-9291,94,201201,111,3,0,07062012,1535,0.541,2.311,15.377,Y,6.84,56.20952,-169.53832,22-09,22,425,432,6.8,3.5,1006,172,115,1,0.010360712,69310,2,100,2,0,0,0,,,,,,,,1, 
-9291,94,201201,111,3,0,07062012,1535,0.541,2.311,15.377,Y,6.84,56.20952,-169.53832,22-09,22,425,432,6.8,3.5,1006,172,115,1,0.010360712,69310,2,105,2,0,0,0,,,,,,,,1, 
-9291,94,201201,111,3,0,07062012,1535,0.541,2.311,15.377,Y,6.84,56.20952,-169.53832,22-09,22,425,432,6.8,3.5,1006,172,115,1,0.010360712,69310,2,104,2,0,0,0,,,,,,,,1, 
-9291,94,201201,111,3,0,07062012,1535,0.541,2.311,15.377,Y,6.84,56.20952,-169.53832,22-09,22,425,432,6.8,3.5,1006,172,115,1,0.010360712,69310,2,86,2,0,0,0,,,,,,,,1, 
-9291,94,201201,111,3,0,07062012,1535,0.541,2.311,15.377,Y,6.84,56.20952,-169.53832,22-09,22,425,432,6.8,3.5,1006,172,115,1,0.010360712,69310,2,89,2,0,0,0,,,,,,,,1, 
-9291,94,201201,111,3,0,07062012,1535,0.541,2.311,15.377,Y,6.84,56.20952,-169.53832,22-09,22,425,432,6.8,3.5,1006,172,115,1,0.010360712,69310,2,92,2,0,0,0,,,,,,,,1, 
-9291,94,201201,111,3,0,07062012,1535,0.541,2.311,15.377,Y,6.84,56.20952,-169.53832,22-09,22,425,432,6.8,3.5,1006,172,115,1,0.010360712,69310,2,98,2,0,0,0,,,,,,,,1, 
-9291,94,201201,111,3,0,07062012,1535,0.541,2.311,15.377,Y,6.84,56.20952,-169.53832,22-09,22,425,432,6.8,3.5,1006,172,115,1,0.010360712,69310,2,127,3,0,4,1,,,,,,,,1, 
-9291,94,201201,111,3,0,07062012,1535,0.541,2.311,15.377,Y,6.84,56.20952,-169.53832,22-09,22,425,432,6.8,3.5,1006,172,115,1,0.010360712,69310,2,110,3,0,4,1,,,,,,,,1, 
-9291,94,201201,111,3,0,07062012,1535,0.541,2.311,15.377,Y,6.84,56.20952,-169.53832,22-09,22,425,432,6.8,3.5,1006,172,115,1,0.010360712,69310,2,108,3,0,4,1,,,,,,,,1, 
-9291,94,201201,111,3,0,07062012,1535,0.541,2.311,15.377,Y,6.84,56.20952,-169.53832,22-09,22,425,432,6.8,3.5,1006,172,115,1,0.010360712,69310,2,103,3,0,4,1,,,,,,,,1, 
-9291,94,201201,111,3,0,07062012,1535,0.541,2.311,15.377,Y,6.84,56.20952,-169.53832,22-09,22,425,432,6.8,3.5,1006,172,115,1,0.010360712,69310,2,112,3,0,4,1,,,,,,,,1, 
-9291,94,201201,111,3,0,07062012,1535,0.541,2.311,15.377,Y,6.84,56.20952,-169.53832,22-09,22,425,432,6.8,3.5,1006,172,115,1,0.010360712,69310,2,104,3,0,4,1,,,,,,,,1, 
-9291,94,201201,111,3,0,07062012,1535,0.541,2.311,15.377,Y,6.84,56.20952,-169.53832,22-09,22,425,432,6.8,3.5,1006,172,115,1,0.010360712,69310,2,110,0,0,0,1,,,,,,,,1, 
-9291,94,201201,111,3,0,07062012,1535,0.541,2.311,15.377,Y,6.84,56.20952,-169.53832,22-09,22,425,432,6.8,3.5,1006,172,115,1,0.010360712,69310,2,136,0,0,0,1,,,,,,,,1, 
-9291,94,201201,111,3,0,07062012,1535,0.541,2.311,15.377,Y,6.84,56.20952,-169.53832,22-09,22,425,432,6.8,3.5,1006,172,115,1,0.010360712,69310,2,109,2,0,0,1,,,,,,,,1, 
-9291,94,201201,111,3,0,07062012,1535,0.541,2.311,15.377,Y,6.84,56.20952,-169.53832,22-09,22,425,432,6.8,3.5,1006,172,115,1,0.010360712,69310,2,109,2,0,0,1,,,,,,,,1, 
-9291,94,201201,111,3,0,07062012,1535,0.541,2.311,15.377,Y,6.84,56.20952,-169.53832,22-09,22,425,432,6.8,3.5,1006,172,115,1,0.010360712,69310,2,114,2,0,0,1,,,,,,,,1, 
-9291,94,201201,111,3,0,07062012,1535,0.541,2.311,15.377,Y,6.84,56.20952,-169.53832,22-09,22,425,432,6.8,3.5,1006,172,115,1,0.010360712,69310,2,104,0,0,0,1,,,,,,,,1, 
-9291,94,201201,111,3,0,07062012,1535,0.541,2.311,15.377,Y,6.84,56.20952,-169.53832,22-09,22,425,432,6.8,3.5,1006,172,115,1,0.010360712,69310,2,119,3,0,0,1,,,,,,,,1, 
-9291,94,201201,111,3,0,07062012,1535,0.541,2.311,15.377,Y,6.84,56.20952,-169.53832,22-09,22,425,432,6.8,3.5,1006,172,115,1,0.010360712,69310,2,104,3,0,4,1,,,,,,,,1, 
-9291,94,201201,111,3,0,07062012,1535,0.541,2.311,15.377,Y,6.84,56.20952,-169.53832,22-09,22,425,432,6.8,3.5,1006,172,115,1,0.010360712,69310,2,111,2,4,1,4,,,,,,,,1, 
-9291,94,201201,111,3,0,07062012,1535,0.541,2.311,15.377,Y,6.84,56.20952,-169.53832,22-09,22,425,432,6.8,3.5,1006,172,115,1,0.010360712,69310,2,92,2,4,1,4,,,,,,,,1, 
-9291,94,201201,111,3,0,07062012,1535,0.541,2.311,15.377,Y,6.84,56.20952,-169.53832,22-09,22,425,432,6.8,3.5,1006,172,115,1,0.010360712,69310,2,110,3,0,4,1,,,,,,,,1, 
-9291,94,201201,111,3,0,07062012,1535,0.541,2.311,15.377,Y,6.84,56.20952,-169.53832,22-09,22,425,432,6.8,3.5,1006,172,115,1,0.010360712,69310,2,111,2,4,1,2,,,,,,,,1, 
-9291,94,201201,111,3,0,07062012,1535,0.541,2.311,15.377,Y,6.84,56.20952,-169.53832,22-09,22,425,432,6.8,3.5,1006,172,115,1,0.010360712,69310,1,94,2,,,,,,,,,,,1, 
-9291,94,201201,111,3,0,07062012,1535,0.541,2.311,15.377,Y,6.84,56.20952,-169.53832,22-09,22,425,432,6.8,3.5,1006,172,115,1,0.010360712,69310,2,128,2,4,1,4,,,,,,,,1, 
-9291,94,201201,111,3,0,07062012,1535,0.541,2.311,15.377,Y,6.84,56.20952,-169.53832,22-09,22,425,432,6.8,3.5,1006,172,115,1,0.010360712,69310,2,142,3,0,4,1,,,,,,,,1, 
-9291,94,201201,111,3,0,07062012,1535,0.541,2.311,15.377,Y,6.84,56.20952,-169.53832,22-09,22,425,432,6.8,3.5,1006,172,115,1,0.010360712,69310,2,111,2,4,1,4,,,,,,,,1, 
-9292,94,201201,112,3,0,07062012,1818,0.182,0.839,15.01,Y,6.968,56.17647,-169.73273,21-06,21,225,232,6.5,3.3,640,172,115,2,0.003671645,69310,0,0,,,,,,,,,,,,0, 
-9293,94,201201,113,3,0,07072012,0732,0.566,2.338,17.569,Y,6.135,56.50813,-172.3116,34-04,34,955,961,7.1,2.8,1829,172,115,2,0.011975939,69310,0,0,,,,,,,,,,,,0, 
-9294,94,201201,114,3,0,07072012,1014,0.499,2.23,17.399,Y,6.247,56.56532,-172.33173,33-03,33,610,616,6.9,3.4,1280,172,115,2,0.011312203,69310,1,34,2,,,,,,,,,,,1, 
-9295,94,201201,115,3,0,07072012,1334,0.576,2.44,17.467,Y,5.907,56.40415,-172.6804,35-04,35,1029,1035,7.4,2.8,1920,172,115,2,0.012425852,69310,0,0,,,,,,,,,,,,0, 
-9296,94,201201,116,3,0,07072012,1616,0.594,2.63,16.696,Y,6.585,56.45723,-172.72217,33-04,33,732,739,7.3,3.2,1509,172,115,2,0.012802248,69310,0,0,,,,,,,,,,,,0, 
-9297,94,201201,117,3,0,07082012,0813,0.51,1.758,18.148,Y,6.056,58.48,-174.79952,45-02,45,1102,1108,6.1,2.8,1920,172,115,1,0.009301772,69310,0,0,,,,,,,,,,,,0, 
-9298,94,201201,118,3,0,07082012,1121,0.498,2.24,15.891,Y,6.527,58.60365,-175.14745,42-03,42,404,411,6.6,3.8,1006,172,115,2,0.010378086,69310,0,0,,,,,,,,,,,,0, 
-9299,94,201201,119,3,0,07082012,1449,0.515,2.429,16.249,Y,6.753,58.54732,-174.68253,43-07,43,614,621,6.3,3.5,1280,172,115,2,0.011507267,69310,1,63,2,,,,,,,,,,,6.7148, 
-9299,94,201201,119,3,0,07082012,1449,0.515,2.429,16.249,Y,6.753,58.54732,-174.68253,43-07,43,614,621,6.3,3.5,1280,172,115,2,0.011507267,69310,1,46,2,,,,,,,,,,,6.7148, 
-9299,94,201201,119,3,0,07082012,1449,0.515,2.429,16.249,Y,6.753,58.54732,-174.68253,43-07,43,614,621,6.3,3.5,1280,172,115,2,0.011507267,69310,1,47,2,,,,,,,,,,,6.7148, 
-9299,94,201201,119,3,0,07082012,1449,0.515,2.429,16.249,Y,6.753,58.54732,-174.68253,43-07,43,614,621,6.3,3.5,1280,172,115,2,0.011507267,69310,1,46,2,,,,,,,,,,,6.7148, 
-9299,94,201201,119,3,0,07082012,1449,0.515,2.429,16.249,Y,6.753,58.54732,-174.68253,43-07,43,614,621,6.3,3.5,1280,172,115,2,0.011507267,69310,1,42,2,,,,,,,,,,,6.7148, 
-9299,94,201201,119,3,0,07082012,1449,0.515,2.429,16.249,Y,6.753,58.54732,-174.68253,43-07,43,614,621,6.3,3.5,1280,172,115,2,0.011507267,69310,1,49,2,,,,,,,,,,,6.7148, 
-9299,94,201201,119,3,0,07082012,1449,0.515,2.429,16.249,Y,6.753,58.54732,-174.68253,43-07,43,614,621,6.3,3.5,1280,172,115,2,0.011507267,69310,1,49,2,,,,,,,,,,,6.7148, 
-9299,94,201201,119,3,0,07082012,1449,0.515,2.429,16.249,Y,6.753,58.54732,-174.68253,43-07,43,614,621,6.3,3.5,1280,172,115,2,0.011507267,69310,1,49,2,,,,,,,,,,,6.7148, 
-9299,94,201201,119,3,0,07082012,1449,0.515,2.429,16.249,Y,6.753,58.54732,-174.68253,43-07,43,614,621,6.3,3.5,1280,172,115,2,0.011507267,69310,1,47,2,,,,,,,,,,,6.7148, 
-9299,94,201201,119,3,0,07082012,1449,0.515,2.429,16.249,Y,6.753,58.54732,-174.68253,43-07,43,614,621,6.3,3.5,1280,172,115,2,0.011507267,69310,1,62,2,,,,,,,,,,,6.7148, 
-9299,94,201201,119,3,0,07082012,1449,0.515,2.429,16.249,Y,6.753,58.54732,-174.68253,43-07,43,614,621,6.3,3.5,1280,172,115,2,0.011507267,69310,1,53,2,,,,,,,,,,,6.7148, 
-9299,94,201201,119,3,0,07082012,1449,0.515,2.429,16.249,Y,6.753,58.54732,-174.68253,43-07,43,614,621,6.3,3.5,1280,172,115,2,0.011507267,69310,1,47,2,,,,,,,,,,,6.7148, 
-9299,94,201201,119,3,0,07082012,1449,0.515,2.429,16.249,Y,6.753,58.54732,-174.68253,43-07,43,614,621,6.3,3.5,1280,172,115,2,0.011507267,69310,1,72,3,,,,,,,,,,,6.7148, 
-9299,94,201201,119,3,0,07082012,1449,0.515,2.429,16.249,Y,6.753,58.54732,-174.68253,43-07,43,614,621,6.3,3.5,1280,172,115,2,0.011507267,69310,2,68,2,0,0,0,,,,,,,,6.7148, 
-9299,94,201201,119,3,0,07082012,1449,0.515,2.429,16.249,Y,6.753,58.54732,-174.68253,43-07,43,614,621,6.3,3.5,1280,172,115,2,0.011507267,69310,2,44,2,0,0,0,,,,,,,,6.7148, 
-9299,94,201201,119,3,0,07082012,1449,0.515,2.429,16.249,Y,6.753,58.54732,-174.68253,43-07,43,614,621,6.3,3.5,1280,172,115,2,0.011507267,69310,2,54,2,0,0,0,,,,,,,,6.7148, 
-9299,94,201201,119,3,0,07082012,1449,0.515,2.429,16.249,Y,6.753,58.54732,-174.68253,43-07,43,614,621,6.3,3.5,1280,172,115,2,0.011507267,69310,2,50,2,0,0,0,,,,,,,,6.7148, 
-9299,94,201201,119,3,0,07082012,1449,0.515,2.429,16.249,Y,6.753,58.54732,-174.68253,43-07,43,614,621,6.3,3.5,1280,172,115,2,0.011507267,69310,2,41,2,0,0,0,,,,,,,,6.7148, 
-9299,94,201201,119,3,0,07082012,1449,0.515,2.429,16.249,Y,6.753,58.54732,-174.68253,43-07,43,614,621,6.3,3.5,1280,172,115,2,0.011507267,69310,2,50,2,0,0,0,,,,,,,,6.7148, 
-9299,94,201201,119,3,0,07082012,1449,0.515,2.429,16.249,Y,6.753,58.54732,-174.68253,43-07,43,614,621,6.3,3.5,1280,172,115,2,0.011507267,69310,2,44,2,0,0,0,,,,,,,,6.7148, 
-9299,94,201201,119,3,0,07082012,1449,0.515,2.429,16.249,Y,6.753,58.54732,-174.68253,43-07,43,614,621,6.3,3.5,1280,172,115,2,0.011507267,69310,2,45,2,0,0,0,,,,,,,,6.7148, 
-9299,94,201201,119,3,0,07082012,1449,0.515,2.429,16.249,Y,6.753,58.54732,-174.68253,43-07,43,614,621,6.3,3.5,1280,172,115,2,0.011507267,69310,2,47,2,0,0,0,,,,,,,,6.7148, 
-9299,94,201201,119,3,0,07082012,1449,0.515,2.429,16.249,Y,6.753,58.54732,-174.68253,43-07,43,614,621,6.3,3.5,1280,172,115,2,0.011507267,69310,2,39,2,0,0,0,,,,,,,,6.7148, 
-9299,94,201201,119,3,0,07082012,1449,0.515,2.429,16.249,Y,6.753,58.54732,-174.68253,43-07,43,614,621,6.3,3.5,1280,172,115,2,0.011507267,69310,2,41,2,0,0,0,,,,,,,,6.7148, 
-9299,94,201201,119,3,0,07082012,1449,0.515,2.429,16.249,Y,6.753,58.54732,-174.68253,43-07,43,614,621,6.3,3.5,1280,172,115,2,0.011507267,69310,2,49,2,0,0,0,,,,,,,,6.7148, 
-9299,94,201201,119,3,0,07082012,1449,0.515,2.429,16.249,Y,6.753,58.54732,-174.68253,43-07,43,614,621,6.3,3.5,1280,172,115,2,0.011507267,69310,2,42,2,0,0,0,,,,,,,,6.7148, 
-9299,94,201201,119,3,0,07082012,1449,0.515,2.429,16.249,Y,6.753,58.54732,-174.68253,43-07,43,614,621,6.3,3.5,1280,172,115,2,0.011507267,69310,2,49,2,0,0,0,,,,,,,,6.7148, 
-9299,94,201201,119,3,0,07082012,1449,0.515,2.429,16.249,Y,6.753,58.54732,-174.68253,43-07,43,614,621,6.3,3.5,1280,172,115,2,0.011507267,69310,2,41,2,0,0,0,,,,,,,,6.7148, 
-9299,94,201201,119,3,0,07082012,1449,0.515,2.429,16.249,Y,6.753,58.54732,-174.68253,43-07,43,614,621,6.3,3.5,1280,172,115,2,0.011507267,69310,2,52,2,0,0,0,,,,,,,,6.7148, 
-9299,94,201201,119,3,0,07082012,1449,0.515,2.429,16.249,Y,6.753,58.54732,-174.68253,43-07,43,614,621,6.3,3.5,1280,172,115,2,0.011507267,69310,2,52,2,0,0,0,,,,,,,,6.7148, 
-9299,94,201201,119,3,0,07082012,1449,0.515,2.429,16.249,Y,6.753,58.54732,-174.68253,43-07,43,614,621,6.3,3.5,1280,172,115,2,0.011507267,69310,2,49,2,0,0,0,,,,,,,,6.7148, 
-9299,94,201201,119,3,0,07082012,1449,0.515,2.429,16.249,Y,6.753,58.54732,-174.68253,43-07,43,614,621,6.3,3.5,1280,172,115,2,0.011507267,69310,2,40,2,0,0,0,,,,,,,,6.7148, 
-9299,94,201201,119,3,0,07082012,1449,0.515,2.429,16.249,Y,6.753,58.54732,-174.68253,43-07,43,614,621,6.3,3.5,1280,172,115,2,0.011507267,69310,2,45,2,0,0,0,,,,,,,,6.7148, 
-9299,94,201201,119,3,0,07082012,1449,0.515,2.429,16.249,Y,6.753,58.54732,-174.68253,43-07,43,614,621,6.3,3.5,1280,172,115,2,0.011507267,69310,2,45,2,0,0,0,,,,,,,,6.7148, 
-9299,94,201201,119,3,0,07082012,1449,0.515,2.429,16.249,Y,6.753,58.54732,-174.68253,43-07,43,614,621,6.3,3.5,1280,172,115,2,0.011507267,69310,2,54,1,0,0,0,,,,,,,,6.7148, 
-9299,94,201201,119,3,0,07082012,1449,0.515,2.429,16.249,Y,6.753,58.54732,-174.68253,43-07,43,614,621,6.3,3.5,1280,172,115,2,0.011507267,69310,2,41,1,0,0,0,,,,,,,,6.7148, 
-9299,94,201201,119,3,0,07082012,1449,0.515,2.429,16.249,Y,6.753,58.54732,-174.68253,43-07,43,614,621,6.3,3.5,1280,172,115,2,0.011507267,69310,2,47,1,0,0,0,,,,,,,,6.7148, 
-9299,94,201201,119,3,0,07082012,1449,0.515,2.429,16.249,Y,6.753,58.54732,-174.68253,43-07,43,614,621,6.3,3.5,1280,172,115,2,0.011507267,69310,2,42,1,0,0,0,,,,,,,,6.7148, 
-9299,94,201201,119,3,0,07082012,1449,0.515,2.429,16.249,Y,6.753,58.54732,-174.68253,43-07,43,614,621,6.3,3.5,1280,172,115,2,0.011507267,69310,2,49,1,0,0,0,,,,,,,,6.7148, 
-9299,94,201201,119,3,0,07082012,1449,0.515,2.429,16.249,Y,6.753,58.54732,-174.68253,43-07,43,614,621,6.3,3.5,1280,172,115,2,0.011507267,69310,1,54,2,,,,,,,,,,,6.7148, 
-9299,94,201201,119,3,0,07082012,1449,0.515,2.429,16.249,Y,6.753,58.54732,-174.68253,43-07,43,614,621,6.3,3.5,1280,172,115,2,0.011507267,69310,1,51,2,,,,,,,,,,,6.7148, 
-9299,94,201201,119,3,0,07082012,1449,0.515,2.429,16.249,Y,6.753,58.54732,-174.68253,43-07,43,614,621,6.3,3.5,1280,172,115,2,0.011507267,69310,2,47,2,0,0,0,,,,,,,,6.7148, 
-9299,94,201201,119,3,0,07082012,1449,0.515,2.429,16.249,Y,6.753,58.54732,-174.68253,43-07,43,614,621,6.3,3.5,1280,172,115,2,0.011507267,69310,2,39,1,0,0,0,,,,,,,,6.7148, 
-9300,94,201201,120,3,0,07082012,1726,0.524,2.216,16.401,Y,6.716,58.42775,-174.53748,41-05,41,306,313,6,3.7,777,172,115,2,0.010596395,69310,1,109,3,,,,,,,,,,,1, 
-9300,94,201201,120,3,0,07082012,1726,0.524,2.216,16.401,Y,6.716,58.42775,-174.53748,41-05,41,306,313,6,3.7,777,172,115,2,0.010596395,69310,2,127,2,4,1,4,,,,,,,,1, 
-9300,94,201201,120,3,0,07082012,1726,0.524,2.216,16.401,Y,6.716,58.42775,-174.53748,41-05,41,306,313,6,3.7,777,172,115,2,0.010596395,69310,2,23,2,0,0,0,,,,,,,,1, 
-9301,94,201201,121,3,4.1,07092012,0725,0.204,0.941,15.43,Y,6.903,57.80343,-173.69857,41-14,41,208,215,6.7,2.9,640,172,115,1,0.004233247,69310,1,116,0,,,,,,,,,,,1, 
-9301,94,201201,121,3,4.1,07092012,0725,0.204,0.941,15.43,Y,6.903,57.80343,-173.69857,41-14,41,208,215,6.7,2.9,640,172,115,1,0.004233247,69310,2,137,2,4,1,4,,,,,,,,1, 
-9301,94,201201,121,3,4.1,07092012,0725,0.204,0.941,15.43,Y,6.903,57.80343,-173.69857,41-14,41,208,215,6.7,2.9,640,172,115,1,0.004233247,69310,2,138,2,4,1,3,,,,,,,,1, 
-9301,94,201201,121,3,4.1,07092012,0725,0.204,0.941,15.43,Y,6.903,57.80343,-173.69857,41-14,41,208,215,6.7,2.9,640,172,115,1,0.004233247,69310,2,126,2,4,1,3,,,,,,,,1, 
-9301,94,201201,121,3,4.1,07092012,0725,0.204,0.941,15.43,Y,6.903,57.80343,-173.69857,41-14,41,208,215,6.7,2.9,640,172,115,1,0.004233247,69310,2,123,2,4,1,3,,,,,,,,1, 
-9301,94,201201,121,3,4.1,07092012,0725,0.204,0.941,15.43,Y,6.903,57.80343,-173.69857,41-14,41,208,215,6.7,2.9,640,172,115,1,0.004233247,69310,2,130,2,4,1,4,,,,,,,,1, 
-9301,94,201201,121,3,4.1,07092012,0725,0.204,0.941,15.43,Y,6.903,57.80343,-173.69857,41-14,41,208,215,6.7,2.9,640,172,115,1,0.004233247,69310,2,137,2,4,1,3,,,,,,,,1, 
-9301,94,201201,121,3,4.1,07092012,0725,0.204,0.941,15.43,Y,6.903,57.80343,-173.69857,41-14,41,208,215,6.7,2.9,640,172,115,1,0.004233247,69310,2,132,3,4,2,4,,,,,,,,1, 
-9301,94,201201,121,3,4.1,07092012,0725,0.204,0.941,15.43,Y,6.903,57.80343,-173.69857,41-14,41,208,215,6.7,2.9,640,172,115,1,0.004233247,69310,2,152,2,4,1,4,,,,,,,,1, 
-9301,94,201201,121,3,4.1,07092012,0725,0.204,0.941,15.43,Y,6.903,57.80343,-173.69857,41-14,41,208,215,6.7,2.9,640,172,115,1,0.004233247,69310,2,139,2,4,1,4,,,,,,,,1, 
-9301,94,201201,121,3,4.1,07092012,0725,0.204,0.941,15.43,Y,6.903,57.80343,-173.69857,41-14,41,208,215,6.7,2.9,640,172,115,1,0.004233247,69310,2,134,2,4,1,4,,,,,,,,1, 
-9301,94,201201,121,3,4.1,07092012,0725,0.204,0.941,15.43,Y,6.903,57.80343,-173.69857,41-14,41,208,215,6.7,2.9,640,172,115,1,0.004233247,69310,2,138,2,4,1,4,,,,,,,,1, 
-9301,94,201201,121,3,4.1,07092012,0725,0.204,0.941,15.43,Y,6.903,57.80343,-173.69857,41-14,41,208,215,6.7,2.9,640,172,115,1,0.004233247,69310,2,146,2,4,1,4,,,,,,,,1, 
-9301,94,201201,121,3,4.1,07092012,0725,0.204,0.941,15.43,Y,6.903,57.80343,-173.69857,41-14,41,208,215,6.7,2.9,640,172,115,1,0.004233247,69310,2,157,3,4,2,4,,,,,,,,1, 
-9301,94,201201,121,3,4.1,07092012,0725,0.204,0.941,15.43,Y,6.903,57.80343,-173.69857,41-14,41,208,215,6.7,2.9,640,172,115,1,0.004233247,69310,2,125,2,4,1,4,,,,,,,,1, 
-9301,94,201201,121,3,4.1,07092012,0725,0.204,0.941,15.43,Y,6.903,57.80343,-173.69857,41-14,41,208,215,6.7,2.9,640,172,115,1,0.004233247,69310,2,157,2,4,1,4,,,,,,,,1, 
-9301,94,201201,121,3,4.1,07092012,0725,0.204,0.941,15.43,Y,6.903,57.80343,-173.69857,41-14,41,208,215,6.7,2.9,640,172,115,1,0.004233247,69310,2,155,2,4,1,4,,,,,,,,1, 
-9301,94,201201,121,3,4.1,07092012,0725,0.204,0.941,15.43,Y,6.903,57.80343,-173.69857,41-14,41,208,215,6.7,2.9,640,172,115,1,0.004233247,69310,2,160,2,4,1,4,,,,,,,,1, 
-9301,94,201201,121,3,4.1,07092012,0725,0.204,0.941,15.43,Y,6.903,57.80343,-173.69857,41-14,41,208,215,6.7,2.9,640,172,115,1,0.004233247,69310,2,156,2,4,1,4,,,,,,,,1, 
-9301,94,201201,121,3,4.1,07092012,0725,0.204,0.941,15.43,Y,6.903,57.80343,-173.69857,41-14,41,208,215,6.7,2.9,640,172,115,1,0.004233247,69310,2,145,2,4,1,4,,,,,,,,1, 
-9301,94,201201,121,3,4.1,07092012,0725,0.204,0.941,15.43,Y,6.903,57.80343,-173.69857,41-14,41,208,215,6.7,2.9,640,172,115,1,0.004233247,69310,2,137,2,4,1,4,,,,,,,,1, 
-9301,94,201201,121,3,4.1,07092012,0725,0.204,0.941,15.43,Y,6.903,57.80343,-173.69857,41-14,41,208,215,6.7,2.9,640,172,115,1,0.004233247,69310,2,133,2,4,1,4,,,,,,,,1, 
-9301,94,201201,121,3,4.1,07092012,0725,0.204,0.941,15.43,Y,6.903,57.80343,-173.69857,41-14,41,208,215,6.7,2.9,640,172,115,1,0.004233247,69310,2,138,2,4,1,4,,,,,,,,1, 
-9302,94,201201,122,3,0,07092012,1042,0.19,0.821,15.535,Y,7.078,57.66215,-174.21278,41-12,41,253,260,7,3.4,686,172,115,2,0.00371854,69310,2,140,2,4,1,4,,,,,,,,1, 
-9302,94,201201,122,3,0,07092012,1042,0.19,0.821,15.535,Y,7.078,57.66215,-174.21278,41-12,41,253,260,7,3.4,686,172,115,2,0.00371854,69310,2,116,2,4,1,4,,,,,,,,1, 
-9302,94,201201,122,3,0,07092012,1042,0.19,0.821,15.535,Y,7.078,57.66215,-174.21278,41-12,41,253,260,7,3.4,686,172,115,2,0.00371854,69310,2,131,3,0,4,1,,,,,,,,1, 
-9303,94,201201,123,3,0,07092012,1414,0.196,0.835,15.056,Y,7.293,57.4544,-173.93728,31-13,31,241,248,6.9,3.1,686,172,115,2,0.003665339,69310,1,147,3,,,,,,,,,,,1, 
-9303,94,201201,123,3,0,07092012,1414,0.196,0.835,15.056,Y,7.293,57.4544,-173.93728,31-13,31,241,248,6.9,3.1,686,172,115,2,0.003665339,69310,1,144,3,,,,,,,,,,,1, 
-9303,94,201201,123,3,0,07092012,1414,0.196,0.835,15.056,Y,7.293,57.4544,-173.93728,31-13,31,241,248,6.9,3.1,686,172,115,2,0.003665339,69310,1,152,3,,,,,,,,,,,1, 
-9303,94,201201,123,3,0,07092012,1414,0.196,0.835,15.056,Y,7.293,57.4544,-173.93728,31-13,31,241,248,6.9,3.1,686,172,115,2,0.003665339,69310,1,102,3,,,,,,,,,,,1, 
-9303,94,201201,123,3,0,07092012,1414,0.196,0.835,15.056,Y,7.293,57.4544,-173.93728,31-13,31,241,248,6.9,3.1,686,172,115,2,0.003665339,69310,1,122,3,,,,,,,,,,,1, 
-9303,94,201201,123,3,0,07092012,1414,0.196,0.835,15.056,Y,7.293,57.4544,-173.93728,31-13,31,241,248,6.9,3.1,686,172,115,2,0.003665339,69310,1,146,3,,,,,,,,,,,1, 
-9304,94,201201,124,3,0,07092012,1817,0.549,2.34,16.898,Y,6.419,57.01285,-173.98207,34-01,34,830,836,7.5,3.1,1646,172,115,2,0.011528404,69310,0,0,,,,,,,,,,,,0, 
-9305,94,201201,125,3,0,07102012,0736,0.537,2.252,16.73,Y,6.564,56.87743,-173.79372,35-03,35,1072,1079,7.3,2.7,1920,172,115,2,0.010984552,69310,0,0,,,,,,,,,,,,0, 
-9306,94,201201,126,3,0,07102012,1029,0.546,2.35,17.057,Y,6.325,56.95123,-173.73222,33-07,33,696,702,6.7,3.3,1463,172,115,2,0.01168661,69310,0,0,,,,,,,,,,,,0, 
-9307,94,201201,127,3,6.1,07102012,1309,0.374,1.756,13.914,Y,7.74,57.00115,-173.54618,34-07,34,800,808,7,3.1,1646,172,115,1,0.007123518,69310,1,52,2,,,,,,,,,,,1, 
-9308,94,201201,128,3,0,07102012,1546,0.533,2.219,15.295,Y,7.561,56.77318,-173.41903,32-03,32,444,452,6.8,3.8,1052,172,115,2,0.009895206,69310,2,121,0,0,0,1,,,,,,,,1, 
-9308,94,201201,128,3,0,07102012,1546,0.533,2.219,15.295,Y,7.561,56.77318,-173.41903,32-03,32,444,452,6.8,3.8,1052,172,115,2,0.009895206,69310,1,160,4,,,,,,,,,,,1, 
-9309,94,201201,129,3,0,07112012,0721,0.532,1.987,16.329,Y,6.759,56.46297,-171.58027,32-08,32,448,455,6.3,3.7,1052,172,115,2,0.009459659,69310,2,113,2,0,0,1,,,,,,,,1, 
-9309,94,201201,129,3,0,07112012,0721,0.532,1.987,16.329,Y,6.759,56.46297,-171.58027,32-08,32,448,455,6.3,3.7,1052,172,115,2,0.009459659,69310,1,96,2,,,,,,,,,,,1, 
-9310,94,201201,130,3,6,07112012,1040,0.505,2.311,16.681,Y,6.033,56.22548,-171.48573,34-05,34,860,866,6.7,3.1,1692,172,115,2,0.011239321,69310,0,0,,,,,,,,,,,,0, 
-9311,94,201201,131,3,0,07112012,1333,0.524,2.132,16.94,Y,5.985,56.23717,-171.38638,33-09,33,634,640,6.5,3.4,1326,172,115,2,0.010529764,69310,0,0,,,,,,,,,,,,0, 
-9312,94,201201,133,3,0,07112012,1737,0.132,0.685,15.716,Y,7.087,56.24148,-171.00815,31-11,31,255,262,6,3.3,686,172,115,2,0.003138706,69310,0,0,,,,,,,,,,,,0, 
-9313,94,201201,134,3,0,07122012,0733,0.563,2.223,16.03,Y,6.745,55.93472,-170.33262,24-04,24,848,855,6.9,3.1,1692,172,115,2,0.010389413,69310,0,0,,,,,,,,,,,,0, 
-9314,94,201201,135,3,0,07122012,1002,0.519,2.446,16.362,Y,6.14,55.95017,-170.10397,22-06,22,416,422,6.9,3.6,1006,172,115,2,0.011668388,69310,1,108,2,,,,,,,,,,,1, 
-9314,94,201201,135,3,0,07122012,1002,0.519,2.446,16.362,Y,6.14,55.95017,-170.10397,22-06,22,416,422,6.9,3.6,1006,172,115,2,0.011668388,69310,1,139,2,,,,,,,,,,,1, 
-9314,94,201201,135,3,0,07122012,1002,0.519,2.446,16.362,Y,6.14,55.95017,-170.10397,22-06,22,416,422,6.9,3.6,1006,172,115,2,0.011668388,69310,1,122,2,,,,,,,,,,,1, 
-9314,94,201201,135,3,0,07122012,1002,0.519,2.446,16.362,Y,6.14,55.95017,-170.10397,22-06,22,416,422,6.9,3.6,1006,172,115,2,0.011668388,69310,1,107,2,,,,,,,,,,,1, 
-9314,94,201201,135,3,0,07122012,1002,0.519,2.446,16.362,Y,6.14,55.95017,-170.10397,22-06,22,416,422,6.9,3.6,1006,172,115,2,0.011668388,69310,1,110,2,,,,,,,,,,,1, 
-9314,94,201201,135,3,0,07122012,1002,0.519,2.446,16.362,Y,6.14,55.95017,-170.10397,22-06,22,416,422,6.9,3.6,1006,172,115,2,0.011668388,69310,1,123,2,,,,,,,,,,,1, 
-9314,94,201201,135,3,0,07122012,1002,0.519,2.446,16.362,Y,6.14,55.95017,-170.10397,22-06,22,416,422,6.9,3.6,1006,172,115,2,0.011668388,69310,1,113,2,,,,,,,,,,,1, 
-9314,94,201201,135,3,0,07122012,1002,0.519,2.446,16.362,Y,6.14,55.95017,-170.10397,22-06,22,416,422,6.9,3.6,1006,172,115,2,0.011668388,69310,2,102,2,4,1,3,,,,,,,,1, 
-9314,94,201201,135,3,0,07122012,1002,0.519,2.446,16.362,Y,6.14,55.95017,-170.10397,22-06,22,416,422,6.9,3.6,1006,172,115,2,0.011668388,69310,1,128,2,,,,,,,,,,,1, 
-9315,94,201201,136,3,0,07122012,1306,0.224,0.929,15.188,Y,7.642,55.99902,-169.92323,21-11,21,224,232,7.1,3,686,172,115,1,0.004113716,69310,0,0,,,,,,,,,,,,0, 
-9316,94,201201,137,3,0,07122012,1457,0.567,2.485,15.731,Y,6.884,55.98637,-169.73845,22-05,22,522,529,7.2,3.5,1143,172,115,2,0.011397268,69310,0,0,,,,,,,,,,,,0, 
-9317,94,201201,139,3,0,07132012,0724,0.552,2.348,15.413,Y,6.873,55.96145,-168.93693,24-05,24,831,838,6.6,2.9,1646,172,115,2,0.010551235,69310,0,0,,,,,,,,,,,,0, 
-9318,94,201201,140,3,0,07132012,1000,0.501,2.402,16.593,Y,6.63,55.9512,-168.93077,23-01,23,725,732,6.6,3.1,1463,172,115,1,0.011620263,69310,1,18,2,,,,,,,,,,,1, 
-9319,94,201201,141,3,0,07132012,1310,0.492,2.469,16.011,Y,6.938,55.68898,-168.78332,21-01,21,210,217,7.3,3.2,640,172,115,1,0.011525442,69310,1,111,2,,,,,,,,,,,1, 
-9320,94,201201,142,3,0,07132012,1538,0.494,2.423,15.806,Y,6.693,55.57663,-168.48733,11-34,11,202,209,7,2.7,640,172,115,1,0.011165892,69310,0,0,,,,,,,,,,,,0, 
-9321,94,201201,143,3,0,07132012,1747,0.493,2.296,16.511,Y,6.437,55.48143,-168.26048,11-39,11,235,241,7.3,3.2,640,172,115,1,0.011052571,69310,0,0,,,,,,,,,,,,0, 
-9322,94,201201,146,3,0,07142012,1117,0.515,2.364,16.878,Y,5.974,55.36963,-168.18092,12-14,12,522,528,7.4,3.5,1143,172,115,1,0.01163286,69310,1,112,3,,,,,,,,,,,1, 
-9323,94,201201,147,3,0,07142012,1327,0.508,2.368,16.568,Y,6.472,55.39493,-167.99998,11-10,11,217,223,7.1,3.2,640,172,115,1,0.01143852,69310,0,0,,,,,,,,,,,,0, 
-9324,94,201201,148,3,0,07142012,1541,0.511,2.316,17.719,Y,5.967,55.25993,-168.01373,13-09,13,627,633,7.5,3.3,1326,172,115,1,0.011964534,69310,0,0,,,,,,,,,,,,0, 
-9325,94,201201,149,3,0,07142012,1757,0.484,2.298,16.311,Y,6.499,55.20178,-167.83182,11-28,11,348,354,7.1,3.5,823,172,115,1,0.0109282,69310,1,130,2,,,,,,,,,,,1, 
-9325,94,201201,149,3,0,07142012,1757,0.484,2.298,16.311,Y,6.499,55.20178,-167.83182,11-28,11,348,354,7.1,3.5,823,172,115,1,0.0109282,69310,1,129,3,,,,,,,,,,,1, 
-9325,94,201201,149,3,0,07142012,1757,0.484,2.298,16.311,Y,6.499,55.20178,-167.83182,11-28,11,348,354,7.1,3.5,823,172,115,1,0.0109282,69310,1,116,2,,,,,,,,,,,1, 
-9325,94,201201,149,3,0,07142012,1757,0.484,2.298,16.311,Y,6.499,55.20178,-167.83182,11-28,11,348,354,7.1,3.5,823,172,115,1,0.0109282,69310,2,132,2,4,2,5,,,,,,,,1, 
-9325,94,201201,149,3,0,07142012,1757,0.484,2.298,16.311,Y,6.499,55.20178,-167.83182,11-28,11,348,354,7.1,3.5,823,172,115,1,0.0109282,69310,2,155,3,0,4,1,,,,,,,,1, 
-9326,94,201201,150,3,3.2,07152012,0735,0.556,2.349,18.326,Y,5.675,54.30142,-166.887,15-03,15,1003,1009,7,2.8,1920,172,115,2,0.012550723,69310,0,0,,,,,,,,,,,,0, 
-9327,94,201201,151,3,0,07152012,1040,0.521,2.373,17.08,Y,5.706,54.378,-166.86725,13-03,13,609,615,7.1,3.4,1280,172,115,1,0.011816902,69310,1,118,2,,,,,,,,,,,1, 
-9328,94,201201,152,3,0,07152012,1259,0.521,2.426,17.265,Y,5.847,54.4465,-166.84513,12-04,12,511,517,6.6,3.4,1143,172,115,1,0.01221168,69310,1,81,2,,,,,,,,,,,1, 
-9328,94,201201,152,3,0,07152012,1259,0.521,2.426,17.265,Y,5.847,54.4465,-166.84513,12-04,12,511,517,6.6,3.4,1143,172,115,1,0.01221168,69310,1,92,2,,,,,,,,,,,1, 
-9328,94,201201,152,3,0,07152012,1259,0.521,2.426,17.265,Y,5.847,54.4465,-166.84513,12-04,12,511,517,6.6,3.4,1143,172,115,1,0.01221168,69310,1,94,2,,,,,,,,,,,1, 
-9328,94,201201,152,3,0,07152012,1259,0.521,2.426,17.265,Y,5.847,54.4465,-166.84513,12-04,12,511,517,6.6,3.4,1143,172,115,1,0.01221168,69310,1,30,2,,,,,,,,,,,1, 
-9328,94,201201,152,3,0,07152012,1259,0.521,2.426,17.265,Y,5.847,54.4465,-166.84513,12-04,12,511,517,6.6,3.4,1143,172,115,1,0.01221168,69310,1,152,3,,,,,,,,,,,1, 
-9329,94,201201,153,3,3.3,07152012,1606,0.494,2.164,17.541,Y,5.666,54.31063,-166.7362,14-02,14,824,830,6.5,3.1,1646,172,115,1,0.011066993,69310,1,92,2,,,,,,,,,,,1, 
-9330,94,201201,154,3,0,07172012,0731,0.533,2.352,17.633,Y,5.192,54.48867,-166.34045,12-28,12,491,496,7.1,3.5,1097,172,115,2,0.012091538,69310,1,106,2,,,,,,,,,,,1, 
-9330,94,201201,154,3,0,07172012,0731,0.533,2.352,17.633,Y,5.192,54.48867,-166.34045,12-28,12,491,496,7.1,3.5,1097,172,115,2,0.012091538,69310,1,92,2,,,,,,,,,,,1, 
-9330,94,201201,154,3,0,07172012,0731,0.533,2.352,17.633,Y,5.192,54.48867,-166.34045,12-28,12,491,496,7.1,3.5,1097,172,115,2,0.012091538,69310,2,97,2,0,0,0,,,,,,,,1, 
-9330,94,201201,154,3,0,07172012,0731,0.533,2.352,17.633,Y,5.192,54.48867,-166.34045,12-28,12,491,496,7.1,3.5,1097,172,115,2,0.012091538,69310,2,22,2,0,0,0,,,,,,,,1, 
-9330,94,201201,154,3,0,07172012,0731,0.533,2.352,17.633,Y,5.192,54.48867,-166.34045,12-28,12,491,496,7.1,3.5,1097,172,115,2,0.012091538,69310,2,86,2,0,0,1,,,,,,,,1, 
-9331,94,201201,155,3,0,07172012,1031,0.494,2.325,17.05,Y,5.415,54.42913,-166.06612,12-44,12,584,589,7,3.3,1234,172,115,2,0.011557539,69310,0,0,,,,,,,,,,,,0, 
-9332,94,201201,156,3,0,07172012,1325,0.496,2.428,16.582,Y,6.115,54.57862,-165.86417,12-25,12,415,421,6.8,3.6,1006,172,115,1,0.011738257,69310,2,121,3,4,2,4,,,,,,,,1, 
-9333,94,201201,157,3,0,07172012,1558,0.502,2.356,16.701,Y,6.428,54.68438,-165.76423,11-20,11,305,311,6.8,3.4,777,172,115,1,0.011471912,69310,0,0,,,,,,,,,,,,0, 
-9334,94,201201,158,3,0,07172012,1823,0.525,2.395,17.133,Y,6.216,54.75942,-166.00678,11-14,11,205,211,6.7,3.4,640,172,115,1,0.011963465,69310,2,143,1,4,1,4,,,,,,,,1, 
-9335,94,201201,159,3,0,07182012,0721,0.508,2.381,17.203,Y,5.504,54.57208,-166.583,12-18,12,411,417,6.8,3.6,960,172,115,1,0.011942125,69310,1,78,2,,,,,,,,,,,1, 
-9335,94,201201,159,3,0,07182012,0721,0.508,2.381,17.203,Y,5.504,54.57208,-166.583,12-18,12,411,417,6.8,3.6,960,172,115,1,0.011942125,69310,1,146,3,,,,,,,,,,,1, 
-9335,94,201201,159,3,0,07182012,0721,0.508,2.381,17.203,Y,5.504,54.57208,-166.583,12-18,12,411,417,6.8,3.6,960,172,115,1,0.011942125,69310,1,124,2,,,,,,,,,,,1, 
-9335,94,201201,159,3,0,07182012,0721,0.508,2.381,17.203,Y,5.504,54.57208,-166.583,12-18,12,411,417,6.8,3.6,960,172,115,1,0.011942125,69310,2,106,2,0,0,1,,,,,,,,1, 
-9335,94,201201,159,3,0,07182012,0721,0.508,2.381,17.203,Y,5.504,54.57208,-166.583,12-18,12,411,417,6.8,3.6,960,172,115,1,0.011942125,69310,2,80,2,0,0,0,,,,,,,,1, 
-9335,94,201201,159,3,0,07182012,0721,0.508,2.381,17.203,Y,5.504,54.57208,-166.583,12-18,12,411,417,6.8,3.6,960,172,115,1,0.011942125,69310,2,105,3,0,0,1,,,,,,,,1, 
-9336,94,201201,160,3,0,07182012,0955,0.504,2.347,16.668,Y,5.82,54.56958,-166.23252,12-07,12,415,421,7.4,3.6,1006,172,115,1,0.011405508,69310,1,165,3,,,,,,,,,,,1, 
-9336,94,201201,160,3,0,07182012,0955,0.504,2.347,16.668,Y,5.82,54.56958,-166.23252,12-07,12,415,421,7.4,3.6,1006,172,115,1,0.011405508,69310,2,12,1,0,0,0,,,,,,,,1, 
-9337,94,201201,161,3,0,07182012,1234,0.513,2.308,16.884,Y,5.988,54.67247,-166.08735,11-22,11,306,312,7.1,3.3,777,172,115,1,0.01136133,69310,0,0,,,,,,,,,,,,0, 
-9338,94,201201,162,3,5,07182012,1428,0.54,2.325,16.806,Y,6.269,54.73468,-166.17778,11-07,11,234,240,7.3,3,686,172,115,1,0.011392141,69310,0,0,,,,,,,,,,,,0, 
-9339,94,201201,163,3,0,07182012,1618,0.514,2.357,16.403,Y,6.382,54.78985,-166.44193,11-32,11,205,211,7.3,3.1,640,172,115,1,0.011271998,69310,0,0,,,,,,,,,,,,0, 
-9340,94,201201,164,3,0,07192012,0713,0.477,2.17,17.497,Y,5.809,54.60313,-166.88117,12-15,12,407,413,7.7,3.6,960,172,115,1,0.01106984,69310,1,53,2,,,,,,,,,,,1, 
-9340,94,201201,164,3,0,07192012,0713,0.477,2.17,17.497,Y,5.809,54.60313,-166.88117,12-15,12,407,413,7.7,3.6,960,172,115,1,0.01106984,69310,1,75,3,,,,,,,,,,,1, 
-9340,94,201201,164,3,0,07192012,0713,0.477,2.17,17.497,Y,5.809,54.60313,-166.88117,12-15,12,407,413,7.7,3.6,960,172,115,1,0.01106984,69310,2,101,3,0,0,1,,,,,,,,1, 
-9340,94,201201,164,3,0,07192012,0713,0.477,2.17,17.497,Y,5.809,54.60313,-166.88117,12-15,12,407,413,7.7,3.6,960,172,115,1,0.01106984,69310,2,96,3,0,0,1,,,,,,,,1, 
-9340,94,201201,164,3,0,07192012,0713,0.477,2.17,17.497,Y,5.809,54.60313,-166.88117,12-15,12,407,413,7.7,3.6,960,172,115,1,0.01106984,69310,2,98,2,0,0,1,,,,,,,,1, 
-9340,94,201201,164,3,0,07192012,0713,0.477,2.17,17.497,Y,5.809,54.60313,-166.88117,12-15,12,407,413,7.7,3.6,960,172,115,1,0.01106984,69310,2,86,2,0,0,1,,,,,,,,1, 
-9340,94,201201,164,3,0,07192012,0713,0.477,2.17,17.497,Y,5.809,54.60313,-166.88117,12-15,12,407,413,7.7,3.6,960,172,115,1,0.01106984,69310,2,103,3,0,0,1,,,,,,,,1, 
-9340,94,201201,164,3,0,07192012,0713,0.477,2.17,17.497,Y,5.809,54.60313,-166.88117,12-15,12,407,413,7.7,3.6,960,172,115,1,0.01106984,69310,1,120,3,,,,,,,,,,,1, 
-9340,94,201201,164,3,0,07192012,0713,0.477,2.17,17.497,Y,5.809,54.60313,-166.88117,12-15,12,407,413,7.7,3.6,960,172,115,1,0.01106984,69310,1,147,3,,,,,,,,,,,1, 
-9341,94,201201,165,3,0,07192012,0935,0.491,2.347,17.261,Y,5.458,54.64437,-166.74622,11-24,11,363,368,7.6,3.5,914,172,115,2,0.011811283,69310,1,155,3,,,,,,,,,,,1, 
-9341,94,201201,165,3,0,07192012,0935,0.491,2.347,17.261,Y,5.458,54.64437,-166.74622,11-24,11,363,368,7.6,3.5,914,172,115,2,0.011811283,69310,2,135,3,4,2,2,,,,,,,,1, 
-9342,94,201201,166,3,0,07192012,1155,0.48,2.317,16.975,Y,6.113,54.81105,-166.659,11-08,11,226,232,7.4,3.1,640,172,115,1,0.011467107,69310,0,0,,,,,,,,,,,,0, 
-9343,94,201201,167,3,0,07192012,1339,0.495,2.334,17.293,Y,5.994,54.87062,-166.9282,11-11,11,232,238,7.1,3.1,686,172,115,1,0.011767636,69310,0,0,,,,,,,,,,,,0, 
-9344,94,201201,168,3,0,07192012,1553,0.486,2.197,17.094,Y,6.177,54.94748,-167.1587,11-30,11,214,220,6.9,3.2,594,172,115,1,0.010949437,69310,0,0,,,,,,,,,,,,0, 
-9345,94,201201,169,3,0,07192012,1733,0.518,2.312,16.69,Y,6.307,55.02885,-167.34093,11-12,11,202,208,7.5,3.1,640,172,115,1,0.011250251,69310,0,0,,,,,,,,,,,,0, 
-9346,94,201201,170,3,0,07202012,0723,0.538,2.367,17.241,Y,5.721,55.07418,-167.89498,13-08,13,613,619,7.8,3.5,1280,172,115,2,0.011898131,69310,1,133,2,,,,,,,,,,,1, 
-9347,94,201201,171,3,0,07202012,1015,0.5,2.335,16.822,Y,5.907,55.11722,-167.80268,12-33,12,426,432,7.7,3.6,1006,172,115,2,0.011452032,69310,0,0,,,,,,,,,,,,0, 
-9348,94,201201,172,3,0,07202012,1249,0.534,2.291,17.175,Y,5.807,55.05313,-167.84113,12-17,12,551,557,7.7,3.5,1189,172,115,2,0.011472019,69310,0,0,,,,,,,,,,,,0, 
-9349,94,201201,173,3,0,07202012,1517,0.523,2.331,16.985,Y,5.88,55.01463,-167.70825,12-46,12,470,476,8,3.6,1052,172,115,1,0.01154319,69310,2,59,2,0,0,0,,,,,,,,1, 
-9350,94,201201,174,3,0,07202012,1752,0.302,1.205,16.068,Y,6.851,55.13682,-167.55865,11-13,11,206,213,7.7,3.4,640,172,115,1,0.005645038,69310,0,0,,,,,,,,,,,,0, 
-9351,94,201201,175,3,5.1,07212012,0738,0.541,2.132,17.705,Y,5.802,54.94355,-167.78702,15-08,15,1017,1023,7.7,2.8,1920,172,115,1,0.011005282,69310,0,0,,,,,,,,,,,,0, 
-9352,94,201201,176,3,0,07212012,1025,0.497,2.227,16.324,Y,5.999,54.93133,-167.6885,13-17,13,656,662,7.6,3.5,1280,172,115,1,0.010598999,69310,0,0,,,,,,,,,,,,0, 
-9353,94,201201,177,3,0,07212012,1301,0.485,2.208,16.307,Y,6.238,54.9965,-167.62288,12-11,12,413,419,7.9,3.6,960,172,115,1,0.010497628,69310,0,0,,,,,,,,,,,,0, 
-9354,94,201201,178,3,0,07212012,1532,0.524,2.399,16.783,Y,5.966,54.8715,-167.60677,13-07,13,623,629,7.2,3.4,1280,172,115,2,0.011738643,69310,0,0,,,,,,,,,,,,0, 
-9355,94,201201,179,3,0,07212012,1809,0.505,2.258,16.642,Y,5.924,54.90443,-167.42877,12-47,12,407,413,7.4,3.6,960,172,115,1,0.010955886,69310,0,0,,,,,,,,,,,,0, 
-9356,94,201201,180,3,0,07222012,0730,0.557,2.153,17.066,Y,6.645,54.8214,-167.68192,15-07,15,1049,1056,7.5,2.8,1920,172,115,2,0.010712573,69310,0,0,,,,,,,,,,,,0, 
-9357,94,201201,181,3,0,07222012,1002,0.615,2.757,17.631,Y,6.407,54.73835,-167.60197,14-07,14,935,941,7.8,2.9,1829,172,115,2,0.01417202,69310,0,0,,,,,,,,,,,,0, 
-9358,94,201201,182,3,0,07222012,1258,0.528,2.298,16.592,Y,6.213,54.63672,-167.71785,14-06,14,817,823,7.6,3,1646,172,115,2,0.011116467,69310,0,0,,,,,,,,,,,,0, 
-9359,94,201201,183,3,0,07222012,1524,0.51,2.387,17.128,Y,6.025,54.56578,-167.5663,13-12,13,685,691,7.8,3.3,1372,172,115,1,0.011920023,69310,0,0,,,,,,,,,,,,0, 
-9360,94,201201,184,3,0,07232012,0738,0.539,2.302,17.545,Y,5.817,54.48473,-167.86897,15-06,15,1010,1016,6.2,2.9,1920,172,115,2,0.011775429,69310,0,0,,,,,,,,,,,,0, 
-9361,94,201201,185,3,0,07232012,1024,0.543,2.407,17.548,Y,5.889,54.53735,-167.68655,14-05,14,809,815,7.8,3,1646,172,115,2,0.012314641,69310,0,0,,,,,,,,,,,,0, 
-9362,94,201201,186,3,0,07232012,1254,0.513,2.297,17.114,Y,5.62,54.4983,-167.41053,13-11,13,624,630,7.9,3.3,1280,172,115,1,0.011461212,69310,0,0,,,,,,,,,,,,0, 
-9363,94,201201,187,3,0,07232012,1527,0.511,2.611,15.893,Y,6.182,54.61362,-167.19003,12-41,12,456,462,7.5,3.6,1052,172,115,1,0.012098479,69310,1,127,3,,,,,,,,,,,1, 
-9363,94,201201,187,3,0,07232012,1527,0.511,2.611,15.893,Y,6.182,54.61362,-167.19003,12-41,12,456,462,7.5,3.6,1052,172,115,1,0.012098479,69310,1,120,0,,,,,,,,,,,1, 
-9363,94,201201,187,3,0,07232012,1527,0.511,2.611,15.893,Y,6.182,54.61362,-167.19003,12-41,12,456,462,7.5,3.6,1052,172,115,1,0.012098479,69310,1,131,0,,,,,,,,,,,1, 
-9363,94,201201,187,3,0,07232012,1527,0.511,2.611,15.893,Y,6.182,54.61362,-167.19003,12-41,12,456,462,7.5,3.6,1052,172,115,1,0.012098479,69310,1,148,0,,,,,,,,,,,1, 
-9363,94,201201,187,3,0,07232012,1527,0.511,2.611,15.893,Y,6.182,54.61362,-167.19003,12-41,12,456,462,7.5,3.6,1052,172,115,1,0.012098479,69310,1,125,3,,,,,,,,,,,1, 
-9363,94,201201,187,3,0,07232012,1527,0.511,2.611,15.893,Y,6.182,54.61362,-167.19003,12-41,12,456,462,7.5,3.6,1052,172,115,1,0.012098479,69310,1,153,1,,,,,,,,,,,1, 
-9363,94,201201,187,3,0,07232012,1527,0.511,2.611,15.893,Y,6.182,54.61362,-167.19003,12-41,12,456,462,7.5,3.6,1052,172,115,1,0.012098479,69310,1,129,1,,,,,,,,,,,1, 
-9363,94,201201,187,3,0,07232012,1527,0.511,2.611,15.893,Y,6.182,54.61362,-167.19003,12-41,12,456,462,7.5,3.6,1052,172,115,1,0.012098479,69310,1,150,1,,,,,,,,,,,1, 
-9363,94,201201,187,3,0,07232012,1527,0.511,2.611,15.893,Y,6.182,54.61362,-167.19003,12-41,12,456,462,7.5,3.6,1052,172,115,1,0.012098479,69310,1,154,1,,,,,,,,,,,1, 
-9363,94,201201,187,3,0,07232012,1527,0.511,2.611,15.893,Y,6.182,54.61362,-167.19003,12-41,12,456,462,7.5,3.6,1052,172,115,1,0.012098479,69310,1,160,2,,,,,,,,,,,1, 
-9363,94,201201,187,3,0,07232012,1527,0.511,2.611,15.893,Y,6.182,54.61362,-167.19003,12-41,12,456,462,7.5,3.6,1052,172,115,1,0.012098479,69310,1,141,0,,,,,,,,,,,1, 
-9363,94,201201,187,3,0,07232012,1527,0.511,2.611,15.893,Y,6.182,54.61362,-167.19003,12-41,12,456,462,7.5,3.6,1052,172,115,1,0.012098479,69310,1,158,2,,,,,,,,,,,1, 
-9363,94,201201,187,3,0,07232012,1527,0.511,2.611,15.893,Y,6.182,54.61362,-167.19003,12-41,12,456,462,7.5,3.6,1052,172,115,1,0.012098479,69310,1,149,0,,,,,,,,,,,1, 
-9363,94,201201,187,3,0,07232012,1527,0.511,2.611,15.893,Y,6.182,54.61362,-167.19003,12-41,12,456,462,7.5,3.6,1052,172,115,1,0.012098479,69310,1,148,0,,,,,,,,,,,1, 
-9363,94,201201,187,3,0,07232012,1527,0.511,2.611,15.893,Y,6.182,54.61362,-167.19003,12-41,12,456,462,7.5,3.6,1052,172,115,1,0.012098479,69310,1,146,0,,,,,,,,,,,1, 
-9363,94,201201,187,3,0,07232012,1527,0.511,2.611,15.893,Y,6.182,54.61362,-167.19003,12-41,12,456,462,7.5,3.6,1052,172,115,1,0.012098479,69310,1,160,2,,,,,,,,,,,1, 
-9363,94,201201,187,3,0,07232012,1527,0.511,2.611,15.893,Y,6.182,54.61362,-167.19003,12-41,12,456,462,7.5,3.6,1052,172,115,1,0.012098479,69310,1,119,0,,,,,,,,,,,1, 
-9363,94,201201,187,3,0,07232012,1527,0.511,2.611,15.893,Y,6.182,54.61362,-167.19003,12-41,12,456,462,7.5,3.6,1052,172,115,1,0.012098479,69310,1,130,1,,,,,,,,,,,1, 
-9363,94,201201,187,3,0,07232012,1527,0.511,2.611,15.893,Y,6.182,54.61362,-167.19003,12-41,12,456,462,7.5,3.6,1052,172,115,1,0.012098479,69310,1,142,0,,,,,,,,,,,1, 
-9363,94,201201,187,3,0,07232012,1527,0.511,2.611,15.893,Y,6.182,54.61362,-167.19003,12-41,12,456,462,7.5,3.6,1052,172,115,1,0.012098479,69310,2,130,2,0,0,1,,,,,,,,1, 
-9363,94,201201,187,3,0,07232012,1527,0.511,2.611,15.893,Y,6.182,54.61362,-167.19003,12-41,12,456,462,7.5,3.6,1052,172,115,1,0.012098479,69310,2,111,3,0,0,1,,,,,,,,1, 
-9363,94,201201,187,3,0,07232012,1527,0.511,2.611,15.893,Y,6.182,54.61362,-167.19003,12-41,12,456,462,7.5,3.6,1052,172,115,1,0.012098479,69310,1,131,0,,,,,,,,,,,1, 
-9364,94,201201,188,3,0,07232012,1742,0.509,2.361,16.959,Y,5.951,54.73135,-166.98532,11-25,11,359,365,7.4,3.6,914,172,115,1,0.011673854,69310,1,143,3,,,,,,,,,,,1, 
-9364,94,201201,188,3,0,07232012,1742,0.509,2.361,16.959,Y,5.951,54.73135,-166.98532,11-25,11,359,365,7.4,3.6,914,172,115,1,0.011673854,69310,1,124,3,,,,,,,,,,,1, 
-9364,94,201201,188,3,0,07232012,1742,0.509,2.361,16.959,Y,5.951,54.73135,-166.98532,11-25,11,359,365,7.4,3.6,914,172,115,1,0.011673854,69310,1,150,0,,,,,,,,,,,1, 
-9364,94,201201,188,3,0,07232012,1742,0.509,2.361,16.959,Y,5.951,54.73135,-166.98532,11-25,11,359,365,7.4,3.6,914,172,115,1,0.011673854,69310,1,139,0,,,,,,,,,,,1, 
-9364,94,201201,188,3,0,07232012,1742,0.509,2.361,16.959,Y,5.951,54.73135,-166.98532,11-25,11,359,365,7.4,3.6,914,172,115,1,0.011673854,69310,1,31,2,,,,,,,,,,,1, 
-9364,94,201201,188,3,0,07232012,1742,0.509,2.361,16.959,Y,5.951,54.73135,-166.98532,11-25,11,359,365,7.4,3.6,914,172,115,1,0.011673854,69310,2,50,2,0,0,0,,,,,,,,1, 
-9364,94,201201,188,3,0,07232012,1742,0.509,2.361,16.959,Y,5.951,54.73135,-166.98532,11-25,11,359,365,7.4,3.6,914,172,115,1,0.011673854,69310,1,144,3,,,,,,,,,,,1, 
-9365,94,201201,189,3,0,07242012,0730,0.618,2.669,16.483,Y,5.994,54.33302,-167.95345,15-05,15,1002,1008,6.3,2.9,1920,172,115,1,0.012826344,69310,0,0,,,,,,,,,,,,0, 
-9366,94,201201,190,3,0,07242012,1014,0.542,2.567,17.033,Y,5.861,54.34953,-167.83973,14-04,14,912,918,5.9,3,1783,172,115,1,0.012747794,69310,0,0,,,,,,,,,,,,0, 
-9367,94,201201,191,3,0,07242012,1329,0.513,2.42,17.743,Y,5.615,54.28318,-167.78753,15-10,15,1007,1013,6.5,2.8,1920,172,115,1,0.012518735,69310,0,0,,,,,,,,,,,,0, 
-9368,94,201201,192,3,0,07242012,1605,0.558,2.576,17.322,Y,5.886,54.38597,-167.65697,14-03,14,810,816,6.4,3.1,1646,172,115,1,0.01300954,69310,0,0,,,,,,,,,,,,0, 
-9369,94,201201,193,3,0,07242012,1820,0.536,2.502,17.341,Y,6.021,54.40998,-167.39173,13-05,13,668,674,6.8,3.3,1372,172,115,1,0.012649678,69310,0,0,,,,,,,,,,,,0, 
-9370,94,201201,194,3,0,07252012,0716,0.493,2.274,16.315,Y,5.729,54.51153,-166.08977,12-20,12,483,489,7.7,3.6,1097,172,115,2,0.01081672,69310,1,153,3,,,,,,,,,,,1, 
-9370,94,201201,194,3,0,07252012,0716,0.493,2.274,16.315,Y,5.729,54.51153,-166.08977,12-20,12,483,489,7.7,3.6,1097,172,115,2,0.01081672,69310,2,108,2,0,0,0,,,,,,,,1, 
-9370,94,201201,194,3,0,07252012,0716,0.493,2.274,16.315,Y,5.729,54.51153,-166.08977,12-20,12,483,489,7.7,3.6,1097,172,115,2,0.01081672,69310,1,133,3,,,,,,,,,,,1, 
-9370,94,201201,194,3,0,07252012,0716,0.493,2.274,16.315,Y,5.729,54.51153,-166.08977,12-20,12,483,489,7.7,3.6,1097,172,115,2,0.01081672,69310,2,77,2,0,0,0,,,,,,,,1, 
-9371,94,201201,195,3,0,07252012,1049,0.511,2.455,16.546,Y,6.265,54.36585,-166.3434,13-01,13,632,638,7.1,3.4,1326,172,115,1,0.011843022,69310,0,0,,,,,,,,,,,,0, 
